id,first_name,last_name,email,company
1,"iQ-IQh","XSEM","AQ.4f,bLZgcsYn.PUEiPy-09j","CvN3CupVUT0x9"
2,"NLKdfF","aWRCKUbQ","ENVkwOgLX4Axrx,U43","bRgMuyANbNNVIqw3"
3,"quaz","begv58 mF.","-uyqKyJdDwENo5iFEuCiHDo0","RkC NYpw28Tb3U3"
4,"As7V 'x","rWVeLMy9Rzm","YWzu Vct-r.'wjv07Cbw","dMHRLiGnRoRBdeuFcn"
5,"PYI,-4",".sYT","vPbQmLChMS4npZNz1","uPWhPwPJK,z"
6,"r0bKg","Jqf9G9H","xsbi5-g7l8cpubiO.,R","7QM KkrM17y4uN3HrQ1O,hd"
7,"dDPfCX","uDQmlA","JbZeQEGmQ.7.Lz.51a2","CvN3CupVUT0x9"
8,"vXhLPy","OxS@w","MW9dhXflDk9N zI0dN","d-4z Unnld'ZZf"
9,"4OEfC2J","i5rMv9","m,DH038pB1n1ast4rt@q","og ZLhVwQ9chU-PsqOEkSsXfyZ."
10,"J.ZUld","DSR8V","7 cDpIqmSqZCbwFmqHhS7","'sbxu1IZzaCvj"
11,"VurmPbv","9yHpWs","6JnMX9k6Yl4ezRK4qvx-a","Nmi-iIRFJn22F"
12,"XiTC19","4te9kHuK","IRdM,VL '8FXyS' ptseJ","WphFmJdZSm8rBbv"
13,"73Vm.","T5cL5Zc","ui6zD'OP1qqh3QXxaB","yp01YeloGPgDIRDloMXdq.83N"
14,"m,nI","LSsPI9h"," flevq89q7Z@SeNbqmmN-","a2aJ.AZWFI9L"
15,"X9JhudDLq","siF.Ro","0sz4h5zGp-vg@WdA","J5Blnft9uwDzPhUs"
16,"eBoKDy","sHDLLs","qqTQl9yjaVy9QGaQfnOPKab","skvq5qaH0,94a"
17,"eFhfrw3","GEoy'i2y","EYlGn7VrvlArCBdL myqr ","3s5nR2dzmzm7S"
18,"VA.Lt","PTMr2X","PlP2P4bow8RDpPLMarkj0 je","aBipCPmgz,UH73A,WF1lv487nu6-b"
19,"@.xsCWMs","YGE3","j3btgo3'l0i-Vf7a-","nKNLGEAxCGp"
20,"7oaEp07C","JLYK7orXrk","i769'4pungtMx-cVKedXcqPo","8dypN4g6 9S6D6H4"
21,"8@gx6q","rvHhXmPRNH","n@L@K1BI3Bm15sO'rvGDbE","RackITWLV8"
22,"GHs","ARYt@","zYgc4wHhGrrWiKZ1","st@ez42eZJleP3wEDBLsI@V"
23,"R7Wq","lXl-w","kEVmW6F'.,J.wI.OTEG","Sszy8DgylIZNLS@UcFi vAi7kZ'b"
24,"CbJe-J","v4vD1h","4iqLzebbETD2U1lAI","D'Y'TzUf"
25,"8fkU","MksY7Bc","OPmXjI6jEIumRdz@PH","XrBPyb4fS4niva"
26,"K0ITfB","8jxgHy","c@8GRf2eD7CFXj,53MPI","JQhUSbNTn5gELu5qfzLu FAMrNdo"
27,"qTJ","Z460.CP3","6o4Q4qaQhOaeXS,HkTSYZ-FV","FM24itEgwx,JY1N5mO-jNLHquos"
28,"rNly92B","YbqVU4K","'-1sOydsUAOKrD5OxiNxW","0BHJfC6xx5W3pL@6@ 0TIV5xjsOeC"
29,"Y,x","1,IuXD.sl@n","KrhGTepb6KJtLOD6nu.LHFhDUTAw","dvP8k31x4yhJX"
30,"1.3TVxu","-DPy@","zc48tvLd,hgSrv0KV","c@.Q1Ys13BVFph1P"
31,"yxrgyrIFJ","F1iRKA","K5nSVTAPDA-CsivhmL8ro,zj.","@pQ,m2BxH6bg"
32,"9Luv","i2xU@","pJYpaStxwWLXxd-1V","BykTJq7Qc10GV2"
33,"bhdN9","DxROKSfG","6jXKHcP5-BkUb',jfaA39T","7m@rasfdP,jrP"
34,"hmGNQ","2rkln","a-75xu2 aBa09H","NDIfeE7dipA79vk"
35,"tT@RH"," SpdK'","BO6u0gbRwYu7@ AqQlRR0M,q","3MZCZWdIR"
36,"zD8Xi","hk-MBOrQO","@6nuaybu'TDyokjy,6CnoY","j1DIcRE-RY2IrJrN8"
37,"C8C7y","TqKDKF3W","4R83@q9EdSQ3mAlom6IkS K","EVV66Lk "
38,"'wgdOI","70wfVsb","orUiS1oHRi76Q5R 4a","0TIa5oCReUGVOU"
39,"5oJR7","VBy,kChb4","cNXnl M3S.QGgmFNVOj0","ztim5ekHYRWuXB8dq@kH"
40,"zNGoR",",h6aryapyN","6iwcn8MDDLoCzhkU41Bf.qrAszei","3xm21k0vWC.XpDRSV"
41,"Beg","t,i'","2oWume'f87Htp1g'Bf","YmMH 3g'PM72E"
42,"PSJI5b-w"," x4- Hup","DsI7DSEiQdATiqocXSXbZWEYt,","lU'DU8,vJf43Lm"
43,"@cky0rd","f82k.dGI",".g2.YTyGbrtnjwPSE7nQ0","Q QMlaG53zmp"
44,"J@lauGCFI","v1an","N.aXzT8HdkYjIuXGwV6kr","XrYUUYGf7HE0"
45,"YEuOD","6F-Nj,3sfv","hrPzMLsu1Vxn'.M@XcqwMLJ00orEV","vWW  2t@s.Fe"
46,"D7Jo","q8eiZu7t","Y2RkNSmFSHOTWFZ@GDZnnzJBs","ZyeudafjN htI"
47,"c2WO","Wr'cW-","tbxxrAVq.Ju2KoZ5 OJ","W9KGC6jiB4Syx81J"
48,"lBUla''","GghbQid","3htahCC,Mav.lii9B'hQjsP","Bp'YX42EJshUnro"
49,"royKRK0qF","XlQMY@V","l'YLUnc@qE81MyPpiX'xWJ","ywPRM-tmkWIt5rlqSt,Yi1"
50,"HyqGd","uWpz34@D3JE","vLZ4@fQFGb5AD4@9OHJu@Nd.LLoH2","FRxMh77Q1VNnzIpr"
51," fR.G.","Agza9VKa","2kEVqOJP3wDn0o1HIqWZAusApo",",m4JgAl4.MvAAdc7mX.m6ZQq"
52,"v4N,N'gn","EZSyRY","3-bBTstCi6lVj0-2","iEBiq'cx'CaDD"
53,"vMU.xh","8uo3w0-","riQfX668X98@pek.yEJd","53uo'ZRVi5N,m-fcLh"
54,"TbB8","i3zmu","p0H,oHSYDQkr@e.7iU3S-nTCcd","LKyGatszd"
55,"PS xY","ttLRd","XeGI 7rgE5PQrQMQs","mR.pIwaAe@sVXxV7"
56,"us7qvJse","6uSe2","K'Q5z ,Nd5tCHx1VWQ","CjOfbCZpj.vf,hWaGCri'9nSX"
57,"- JnVBp@A8","s1s0n-n","9bnQo9w4MyraWU3rLBicCI","XDa,Ibg8cex6IEEXjycDoML.CR1"
58,"EH'V'","Qj8p-jU","2'HFhAdCZgWSTD3ZhSUr","VWMebHZCP"
59,"f4j4H","Fa0d67m","pxqkFw,S1xnWUJpXtLv","Shv,'GQpsCm"
60,"JVQ6Z","P4EV9","re, bqoF18QxaVCd8i","n5KWakVCcDjGb6"
61,"C@J0EtC0","edp c","33gAKGG26LA8gGV","8 mLdjrL4"
62,"TgNX4h8","TSPXW40","CiLBHE8i@XQ'iAxCcH7LBLtD","c-QtaVtnS'Mp@ULR3yFn"
63,"iH-2YM","8g7iOGb","WyNPlgrh8mK5cyx2O g","HbMls8AV1o5fE-yRUWbzVveI60C6"
64," TQ'3N","q@@K4","RCv3FeX2MIAtgK1","eW334h7SZaBaRkpWUCHxfx86UoJ"
65,"U8A0A","v'h.w'n","lztVf6AJdoBNkEhA6mdKH1,wYDB","t0CHKv Bn"
66,"uyB,c","lQVArtLdh","wKl9bxb3JyXVMBS14u4OVKB","uxY2J0EV6jR"
67,"wrx14ORq","ohUHTh","75tWCUzu1oQZ,w'B7oi","Qj0UHor'IuIrj"
68,"FBV3jH9","b uyT3-L","@zEdH@6O74nnWsTv-pf20oGO1UI","J2@.UiMMrYkRr"
69,"8etzV","vw8o9p","eezgrG@NRwQ09Patj.","FaoDHt,jF6h"
70,"M7DgFH","7K.pZ","kX0.C'.A-JyixS@nb","1spiOfPgrjSTR5GFK"
71,"uNlIM6T","akjKR2","eWaF0MVG8mIts8GA","ugka9.UAws5K"
72,"'bu7B","OkIyQOBfk,","8FB8D-u56379@D0wzzrMmYw.","QU7Rph4k7hf5"
73,"EZPB3","Klm7iA","Brz,92LRxfi.omk@ew","LWBl8A'mekxN7YWqqSp1dAb0QO"
74,"-oDCHW,",",sm61.'","jW70JhHgEUDln-aY4'gIlLCNO'","vSTfcDYz2ohEIlN45npREkl"
75,"GUC4Re","PKISggR","WuispeOAFDSAgGDkX3Ngq4W","V0kv.eMTkv7OV-"
76,"x8yVK","dAyV'OL","sVMI1ahOnK3lQIqBBjKb","ft.HDyIY'@jJxs   zsV7egFm3x6"
77,"zS1pU","2JkttXa m","RI'VpzwwafgriHDf2AAgFAX5iH","QIVlE2ZdqQDW"
78,"Zzgv","juADTH","3-1cppMtPi-c8.dHd","6ejERLJwNzDqJC'15QeT3sCq"
79,"iEisZ","bVRz-f","hCZe8w2jnwFi9fDe3g,5qj","ecGpuo8  A@Wbwr7Aq5Mw6SGa"
80,"JeN0OW","RwtLB1","krIIOEKSdy@s.c9EZ","H'am0BN1ef.-v-"
81,"1qyU,","k 8nM-JM","so7A-Ot-pB8MtISln6GOmyJk5","FH,1IXrQTL4,CB7"
82,"u@562  cP@D","-ykxYKzt-","zGUD-YBrlzug3FM.qaAa ","-JP@AFh@nIpk"
83,"TL.7DQY","EJ.fdz","I,.iMd,zGZGbqAdgs-","hbaFJ4sMen.V0R.ZgCpRP@4 L"
84,"zQBZC","SttRgqN4","WyBrL@MMmenubJ ZMh","P18MfJeJ9exlKSp"
85,"N-sL'8",".eACy.Au","k60H'RPwH4pve66tKOPaA-m.Y","PWTnzMZoiHlo-1P"
86,",78xsYF","2JkttXa m","452vtJlCsjpv'CGdSktgZrMN","XVepCBq6 gDR3vAd"
87,"G@ti,n","ih342hs","8mv3te54MjoNfjzgy@aQn","2yvzpwXRzclkOXCf0zsQv2PW"
88,"bLq'R","yNh","@pJPkflRraPfA@OSov3E","uIl1A0AzDW-zR6ibNUzxIba6"
89,"NBJC5O","CfPiC","5faYtj3G@bEHFVbqHwB",",kTwT-tj DW"
90,"DX-","aAlne30","LWzQdHqOj1t,cTEK ","-t'FG@DTWCPxHoBAfUG29mdpw1.WQFF18"
91,"P7WI","NHyb9RU","h0eY2-4GNkuKY,r-c9G","B2LQbInAt7 -3"
92,"e,OdS","ZTUPXU9t ","H MZhD4w'WEEo9WoPSKm0","p2EPf@CpgKJI"
93,"KCRLB4","mgFuFqD","IO'qA5XnE3qRrlX8 KvN9hHn",",jUP0Y5E.VPMMi"
94,"gZi7'rv","r'JyxK","rmTesGOXh-5FlLpwqlg","rNSTlH5QnKiba2"
95,"ZxFXoH@h@Y",",WLy7HEnba","usNPchIKjD6SJb369MJi 6Rsa'NJ","qbjA8aM38oKDGusHGKl,@fp8"
96,"b80@xx","f Dnpv5E","PYB'uyHM.Abdw9Pyx'tZ@,o","EbFdnsZnti.i"
97,"Z8mnqw","x4abnUVTm","aEK88EiQFU6e7'v6m3w","ZR7yvAqaw1F-BUHJOxmx1qo'K"
98,"zhYE","t,WL3ZD","x.'KnI9Jp.YkqTKIsVIdvLMmPhmLkWnau","yHSp4ZSC3f-8BKERX2blPAS@ExHfW"
99,"jsV2l","ZJEIw4Gz",".VLghN6GbA@D04N'F1OK","'skC-R8xZLuYErb0b-VW"
100,"1Q wR","'GWEMcI","UFy27xkXzMhblWWD1-AbAyrsdcOj","tMB,Yu.s5mkqYhQ9kg2vAlGFX"
101,"2sDm7rX","FOVlxej","eIx L3k-fbJjTnc5JOq3U","iTZ 7qu36'PUv1C-"
102,"Z3dZSml","SFg72YToc","Fk-5@D6PM3erFi.Z5TR4 ","7dzG'4F8VbXwTlIP,480sR6u1d.bb"
103,"BctqwhQ","i5@Y5Qe jr","kPi2B'UoOvX-nu4hs6@Nx-0W1J'Tt2XTb","uA90D,6OU@EwhSKXcSO73pY'"
104,".Egwhr","Fo0RyD","MI,IYsWU@iQ J'TfuSas0xqxB GU","0cxHabOHuWLMh@L"
105,"nL382oZf","09VNq3lG","09TAKU,mU38v7m8TTmSdKq","NS29suuT"
106,"IQtscN.s","Mi3r3A0g","mNBPfhNczL1SgMGe,TEDjCOMQ oD3nA.E7","Prmh0Y-JtF0rCVh,7PFG x9Mlr"
107,"YgcEU9E","c 05aGQVy","ydXkODYaMOyyk..--Jl'RP","dao.'. z1bzAg"
108," Z.gpf","hEhWUZRQIA","6J3HJVocyJQg7z,u6ZAfTHW.c","PJFIeMtCDa'v-7YtQ9oOPnnCWJ2j"
109,"ljilEJsLN0z","FpB0Ecy","rWKCd71JBaWX6lLqX2","Zu NTMm6Qim"
110,"IHWO,wS83K","ijrVqo","PqgmQXRPpLafEBoM-Q","ppGc-gjHvOLgq2AvRDD9d"
111,"y99jjS"," RUK8S-","UN e4mZcHGrgqAmaReZ.XbdtWB","ECScBPFxViD.rdy2y"
112,"UDa4p mY","G92-lR","eT914d0@nZOh,jWj9uk","Li3H,td3EjslD"
113,"2,B3","YEuOleB8ysL","Lc@LQ'ssDoxJiNRzq b.L4ltFQv'zj","pqOHiyL8JtvPW7"
114,"gIbP7","NH0binO","liMgAXhJ7ishHIry0sUywxE1bj","Kr9NnTdcYacO9x8LTGoWK3"
115,"RYP.'1l","CCZ-5Y","hOdsygcPQ5KsQfMK3wU","j7A,nOcH@@ODGtA,"
116,"EprvSJt","c- 6wI@","P8PKa8FjcrWqHZk0zStXQ V","0mOHDPdT8zGwutl"
117,"e8NQ","btVKdP'.bO","irc'WX-OMJmXskwgvnlSS.,u","86frc-O8vde"
118,"QA59d0","1OMgcLq","s-9prp30hI37I1BtK@3r2Sq","fMJ@K5Sf,"
119,".,8lxAAXs","dv' 'G","'9w@huE,4w0yHCJ@isugVE1O",".-f 2D7FJAc"
120,"F4p7MJ","a2XJU4.Pw","tp0xhXN1igCKlp7b8-As","K59MWt KofXwQ"
121,"xOtdFm","qCfz@","aIBrSlM2ZRAnuLi Cap1","GrmPDn3trd43vcHz1pglpRRV'F"
122,"1ya5 R","DEYSFURE","nSMr8Pjra-6B6nvHkXgj","NXvXdUELx"
123,"G.Wi'","q5jd,","6k4IjM,x7ml.QGw3TYK","TNH2akoaHcjnMU5Q8sYsFos0q1"
124,"BDOXe","xUjSf"," Kwh@PamId jSOF02,","'jL-xBzlri"
125,"8Rp3SN.PZ","EEprLo","MBP LL55U5NfmxlOrJcvagdk","hlQUDGhz5sMQK4yEfcogoGOhn1."
126,"82GhHe","yAuuucb",",QhD2t.W6kghQjmuZvm","Yc742yL.68QxZ1esZ"
127,"1@Q.70","vye-d,Nv","Qe5yPfbLG9aTIdrwV7PXRZW.xk","lrPnfy9HH1-ggxhKZi4gQrvO4A RT"
128,"bwnx ","TU5W","y3xZwWr9,T9XovCFjt","w,ZB-d1NznlGig"
129,"5PFB.1","CO,1","S9YR7.3e@R K3LU0XR","Tjw- zL625FTM G3"
130,"MGP","1jLw0rB","XKk3Sz93Y6XtKgSsiIMBZw","0g1h4 kOx5@7'"
131,"TEjAcHa","megcw3","wQsSDXtzqzh'7lVO7SUvHiHfPyK","Wt5rVy4i@V4jP6DbHkgcKTK0"
132,"19,9F","rtzbD","0An5D8rsSe-1ZJ'.u4Z3","E8U9f79IeMmup"
133,"1ya5 R","KLRmqeEXS","@DjaWVU0SkYlwp4,tDKUTFrBvW","iBLB2ELmupf4"
134,"egLQ75'","jGlxFQ","hmstpUF@amSwRVd,gymtA","qYQr'es@Hc Y@khjE8aPci87GtZ"
135,"K x","FxUYbb","GFuQ2AsOMeMjglvbqN","sFDI'COgSSdFl"
136,"i-Vz1D","xeYiHgFhwV","I.PL-8lnhUk35SoQQzsm38cSb"," BMo'lRlymd8Jx0n"
137,"2.WI","ETmwMJ","u,u0oeJljFUdh,Mtvloah","R0,TRL.cWE4kdJC"
138,"@rRI","1dq7eH","eUVid2ixZpV.t1uKCaYeEow","aEdpj@O760axIs0qGLv4UfQ0@kzb"
139,"cLCw","a89Nj","TSALoE8c-X9ePLO 08w9urN2uZ ","djCeToYDQv'FZ-bdSm8S c7tSYdevA'v"
140,"PcW6CYU","HCVlUVp","-h2m eH4dHicA''tH9oHaruz","m4IxQosFaXtZV"
141,"D7Jo","9TUPNT","RtYTh -J5 73hEDocePSS",".-f 2D7FJAc"
142,"0RqYg","k-.KrQ","h IbcE8gw1hHHBUi","bf.-vdy42'aZS tnq"
143," YPOOf","UC-ONB9PF","b,060-flu-HzMKBe2sRnOn4RCo8Z","zFGxiNz3rFNCIo.IC"
144,"FIlW","@7rsAp B","7Ybd2 ftoM7WEqWS H1","SX1U5B@9V9v1wwvbMRZjx6CO.h"
145,"xui","pVhc.s","Yb@coS @ZWhryUmh0ZRQcldu8","5sCcKXY6,brp"
146,"ARS4","@vzeR5","YUT,AhCQTxw5-vyi5Jk","CKeFCMRt"
147,"'3gxSSm","fz iVY","'d6n GOdvA9Y9 PUbSl5","CADYM3kSb'gx"
148,"weB4@","r.1DYdkyG",",0hINvI0peL86JGj@M.yg","7J7PucSAjfQ"
149,"F,5Pi2","2gCwvviarq","X@okToT1w@d6MvjotXikyIO1-hm2tQ8Gc","thi8zT8MxUud"
150,"HL7bkC","qYekMc","0bAw@'VKI07Y6R J2CK9","SlWet4rE3dAHQ6muo6"
151,"H.gi94E","K9bgK9x","l'-@ijrn3kTN.VnT6nVz","8n 8i 5ef1Z4sZP4t6XD  .Sy"
152,"XmIq@TZw","xB'JCz","M4LS1pS 'EcagkIsAEJrkWt","3B.krH4-DjzSi@QqPb8aXm0Owlug"
153,"sx0N@","7dU6LU"," cLxq-uoCvGNAH-qEau","kGvMPEhVH1Kr.Ael7t"
154,"-FEX","cJ-9vt","7v2Ez5tavrC@3HSJf@8pO","itVVQdC78"
155,"bE-DW","ZphlX@JFB3","E'gTsvv4WbIG6opIocfz","XrBPyb4fS4niva"
156,"bLIOqoOdF","EDTpN ,","J.1eKgtSX3V@0dJo.jAWJr0","LmBK5yiabnX"
157,"cJkl","IBUpBSR9","wbZO,4sWBEjUNAU4TW2","sVCtANRU60KDy"
158,"pLpq D.o","N9lnaJ,mOGq","'VwSvIvdakOdL2yvAO8ppCwtNDe@Z","oWk'GI28esrpt96 ,.Xus8lSwr-a"
159,"CP.hA","6ApANDz","mIUvwSv5.QQi9bQLe","Q3 vQ3RGm8hij@@w@McEOolwBqt"
160,"-n'S-","q5FGZ8","JHqLgnRXgsllzAV6@gsJky","ZC@2G7j',jCjqmw7"
161,"XohTH.","A6Icr","cH@g3k@Lr8ZLfCAuWAiL,ai","iNMD 0UZzb7S8gGjqacgGVc1vSRHq"
162,"nkepX.","Abu1H9I","'jKzkr5XVYHD,RigXN4EYxCX","NrWgJahLn"
163,"LFGS","z8QAcx3nX","vuW9QZzrdz X0bEQBGl94EK3Eu","-DXqzhX9yt0a9gz"
164,"48GiphL","46t2WLnt","pBP@5s5E'sgRzQ04WrK.","afEy7eYLqULE"
165,"hq ","9swNkBo1","gaAxTor2HqWQ8j,2xbx2","skhT5Dnc6h-KJClxySv"
166,"gUmvdj","7dJ37g","mpP5 okdIT'bZi ac3L","YQLNx@MP7L8m eeSuT'tgeGceNNhpS"
167,"gggLP9","5jk.O8","D'g.s3GVx3qSoFkgT","bVf58YTRNymmbpkr,lpW'xFVMT"
168,"rG,..","cRd4h","PJc mOnff1BB@WRtJrN","9FCKUVGpFEuRa"
169,"h9QJarR,","ijrVqo","sxj3EJHmxB0K8Q,qA hbd","kbbAJ,Nh3WpKrU O44apaS9dOpdMK"
170,"ivATA8","V6viPYTQo","Ko5pd-bkwDWKMxfcsUeQ","2ATOzWQb'gBZbjjKBBvOd5.TQ"
171,"Y.UF'-8r","JuNy1G","5YG9p@ef2Gf9qWAzP9jv6Huo.6'y","JV5ZyFXVn"
172,"9Ho'AHOG","lmD4IP","0posVwHk6,WJwoKZglTH","CHic9ZPCH0u6i4q"
173,"BSUoei","4OEfC2J","SJSeZ46uGKcjDb5qqUxv1Nor","dDVtTq'Icgms"
174," dsXfH","of8bnmH","sAqU5A9SpzvvLf-","U@soU8v7jCx"
175,"Iu1ySZ.Ys","-g9Jv0","ovKV6V5thHX2Ouw31,q","Qtghbh9dz0TJ"
176,"Tp91","ntrg","Qmyo0.xF@ abMVI'Aa","cHZi3LH0hW@TOM@"
177,",C4G","9h5PQmLCDk2","eVLZcqq@IP2,BTw c7ElX-mv","iZ56@.aWoWo4TnMvtU jyaCihU"
178,"x24re","JKmyaV","qi11UOls101SIl1 AU","AjDdrPJF5eToVq880u,6IvHWFo"
179,"eqk4z","nmeiV","rPXkuNuGw9yMy3@xW5yu7","mtWusOXP2Z,"
180,"1TZzR,z","5v9Wbg","nHfyebOTy2KNjJ8sRq","owQ Yeu0mWh6VX.9fohlAF9pbg"
181,"na8kJ","NykI5cw","P3nyUMh1NDey4vP9Vprb",",Ce8Xh4kaN"
182,"RtUM9","nS.o.D","4c4uaFPlkHK9oQOn1","YYMwG7.XBNZgZ'"
183,"1YFcl","WvyvMY1","U2Ou8C8pRjlTNLkQSD","fdfs'BdARRq,LokFtrmwii1mvg"
184,"kaG F,","k'V1-","E cZ6lxMfRV5SrA1WYz,WI","iPDD6BEYMIw"
185,"3Y.e","rYiTn"," nVsW9AkBBq24JBj Oy20GGD","iWCpo9ixLR.WI"
186,"sZP-SAfrzf","2Y.i","'o4AeOQ'v On,MbelkJCs@","0VG8tw6GTODIe.Eeol3Dfq1,7uVp4"
187,"cv-yM","M9De7","QRQyI2cI6d82fVcRlV.","joRrgV1JbFRwwBm"
188,"j3.Gw312T","W,smAdD","HUDe03i7a5p3NFbx7 CtFe1h84z","jA8NCbNSC"
189,"AvPdFX","HV3IO","fK5G-yaXz0v,2oljCz5@szp","-0,ZhZ1XBah4vbw"
190,"d1'A6s","aiwW6y","Pe5MXpI4Xms@z9iL@","GUo,MAfZt0C.9-Lj"
191,"m@skcW6","Gz6@lAaC-'","8miuTs3tgU54QohzYntXwB6n","xr7I16Ln9et5AoW"
192,"kjMN. p","Kw.FCi0e","ye17RQNn,8O8zaunpEyYi2","DHqtwcc27fqf,xHI1JB0A"
193,"b-v","wvPlMBt","3C45Yz2XN18q1rqzYjB'","Oxy7cDk8jHWyl-kzBoWFLYGX"
194,"-AaXpu","hSqo5T7","mB1DosQAHSxeT1mswNXOwHS","C@0JhtUAxpmdSg"
195,"@OoV@V","uN5'1dNY","2tQk0wJHF9peJb3S9aXQ36CQ","BEdADHJ.vQSa"
196,"JBXhvv","vBig4qHW","g,2oA0N6zzchYFOt vQTnDAUY","OGTFKnkp-AP5-P2oq,GN278"
197,"51fy5HKl","qHhfQUhL O","cqQQwCA,EhQNH8nqGSiic","Gwk'8KTduiX, 5ZcjIsXp2mvAn9R"
198,"fqDDwKiM","YWLwj","6kfLwFOCtC6Y9GXm30fQRknkOIfp","3jO-4Vh.Ju0@b"
199,"kgRqG","fF dBMtd","I4O1u'qgX'HcVv8GFA2n","cxVbD8vrxYX4c"
200,"9uIAE","0Yn.e9J","Wo CHa0-lfMsh3A0VEqJtXmGnHy","P-nbC.p OT0N"
201,"F1wASo","awK4TMQ","v5PY'FyLFJtHWkDAOdyMC","Z8oBIxilky,1'"
202,"TCM K","h-UNnc","RMQUDi3zg0d0OG28EAOp8bmi","ab4wyEnV,dPTT,PEQ"
203,"5G4HaSF","V4XRnExv","Jzl9XgQI4QbGBf,dFs'K","4-XDesWX2I"
204,"e-BRWF-","x9TXtRa","@1j@ ,epjO4UQbYtmC9R","0,HTqKqVfGzLg"
205,"'K3J09","KwEi7IbWg","tUB7fC7MtMnIZzsQDs7BN","ne4.3stuJPPBoHUf"
206,"teZpQ","0f-tl","S66u'u0yqpNdRz.mQP3cd8","aMoEbzToPrLqwIXa2 4lMlu2 "
207,"-SIJ3Eh","I,J ","V.Nh3Do2Vk6H0LLl","TU'zLV,.@tXRN0gTu54TX6-UnyA5T1"
208,"jA0wa","-,-Ad","BzgKaYmbrVaVEjhI ","LI@8LE0kbCoj"
209,"eQxpcd","eQXm5","a9Xdb4VL,5yR9jhYICL","o5OE,Pd1J.iHL"
210,"1UfkE","0RhaXDziALzL","PX6MQWgxQo' ,RVS0vAWDuig92GpY","UnKXizqkDNg'yR"
211,"pePCIpB0","MOQ79EG","TIwS4re5uY7iHJkNgt","AI 8BTwclnm4uBh2Gu3Qraxrydp"
212,"Zb,U1hO","nvGweEuNEO","fkp.xRwJvGOA0edKM1 r9IDZa"," U69-u4rs"
213,"b'dTnNr3","Pj4W Ji","5mv3oEe,pYwEh7W-e2","Gi4e0wT'9rR"
214,"zAuI@",".C'BKsGc","WHXt8aVuPzN3ZQ-9pPFfVsL2MIF.","de'vv47JD2S-h8'2ZZ"
215,"uGo","xkR2AlK.","Xp155XM1feuzXjEzyfDCToSdd","UnZ@r8GP1AaXlgto@2"
216,"hM7DLz","UzLJb3R","@emAyb,IpOw1Zw5zqCFDA","YjaycdAW"
217,"QGo1vJ","N'jAX@","W.pNPrJIDjJgavEpj8'Bf9jm4.j","9.TQIzyQz4"
218,"tSae","dick6TxE8","LGTUfWqIPktRogmS.EGH","c.K0ouk2owF5Us"
219,"AehEiB",",qKEM1 R't","YXfBZRR@Qf UwNDEkwHz,V3Y","yMyBQ29DPhW-"
220,"pBY-@","cIRKBj'","2TpgdDqOJDMVReHb8aW0","bO70EEG1crRFSm55"
221,"YIzIyj","-HYvt'1t","O5.9VB4fcdbaUFLpqkNB66","'smFAWZKkR"
222,"fB1vG@o","7FZI2J'","PxyZt'ewAyvWyfe0qV,","vToWDodtR"
223,"e9DmnL","aiwW6y","3C5EiH.AaKkXdDFQ","0a8WfSilsjpS-V"
224,"ZoLSS -q","hLfjPN","FAClXZtkt3YqY3Oma","WOAMVo,HAcsDx28P@VJV0d4W,HsN"
225,"L7d@","'lUTDp1d8","SwDbs@cdoDTFTQWeEibP9MVGR","EEjWo@hnO"
226,"WaCgPA","oiossXf,o1","8T6myuL7miPzcGdHk 5.1uoADxG",",qkN9EYdZ5"
227,"h8syiz","G,J5HQ","--88THg-yQG2jHM1zYNrT5Sv","eamOsGDmyeI-"
228,"r'QEDm9@k","Tgxq","0-MD@DH1CCv81it","hWJFy7vgnVYhgfz'Zr8aWyQbdOyw"
229,"85MUq","bOyzUX","w1Y.fIa'EZp@SMFChaqTb","NvJJGlkjZMsPg5onobS-,cruDpl"
230,"M ka","yfH4Ak5P","-4ayz14WgUlTg4asZ59sMrEv","IguJ8Rt-r-N1oYE6l@k@K7@YX'"
231,"HxkRsn","lt8dNJ","Lrif2IWfetA3pN3VRcTFM","PXrAkfNCEG3Ck8a-UU"
232,"SL6k","Cn0.k1"," Oas5EtIuwswLg'GxIa.zK6T","PhydjzRLr4w"
233,"tJC4vIj","jV@'F,23.S","g89im83JopBCvjs4Hv1Gb5m2Ow","7quhDosTbT"
234,"ItJB,.a","Gm7GRui1f","ia4G-KtmdDIMKmnorpJB","ANuETnX.XD'K5EfD-9Dqymkf5Gq"
235,"biIHDs-dz","6uUOb","'JXZ6WYvGQb.gEKA","fnU5mr4gzeUzEWm 6HqyKqDhD O,"
236,"X iR7","PhXb@'r","nwjcOQA3Wh,'fZupwVi","NS29suuT"
237,"MhbQ,,","XQNhGM","CoU3'CznapodCZ","kUpDcCu-zGV"
238,"RAq8'Z","vExgv","'V2o76ILUXtuLrXC,iRG","6E5gG@H3f1Zr-"
239,"G5lCVa0Ob","5sKxt0,F.ua","1I7OtlGwMJTuUXg'eQ1TlhST","tBr.zh25QEP,0"
240,"oiVF","d7JSEi","KkLFTPhaltE8clXEY,kxf3","Lz,wvqM1JGt"
241,"i D7e","@KUAoU","Z9lOvtXW66kNbjVp7a","GuGXNTiOQ7"
242,"S62","CZLFKh8p","HnvuqDuUzi3LbRrv","2ARZUT6c.0NwiUcrU1IYytwLsYb"
243,"OiR-j","gbiS","Pt4Ss kCmkLMxRjOA8VE","sb@GExcc0lqY7"
244,"8 W7dA","18Jc 0ni3","yZhQ7-oeBrak8@'UB2LEZgzFST","V5DmZj56S9"
245,"@7i9","LiyNP..Zc","Ld9vWWCFPj31FP3veAj1w5","suc-B0PivjQdX'R0oy"
246,"MWq-3M7RX",".,gFyas,","XFwsKcGGfdkFGBA4c26QL.m","tadaKmK@S-cB,"
247,"ML5xguMB","-6OKS7f","mb.sS6rc84udlB5opa","eKH.PkPl8QhrLfv0HhP@XpyvVNVw"
248,"ej,4","bAKxI","wpNZCSDM,Ya0Q3.h7bjc2","nnHczDA'poE'E0ukhL204jZP3t2QH 0"
249,"G8O,W","bmyLqt0","-.68KLbqtizBFT-t.CD'R","6ZtDQv6cLAUCo4'jv8i"
250,"neuO8","a8iLKf","@'sW4arUJwmUzRaR7Uw","mCpYwHOBgzzqGEw3e05BV2cYLPm -"
251,"Ra66V5N","Q9v0B.","Y-OaVqzdgL0sDz0'XyB'hofUo3M","BBmzzLMcTG b-JhN"
252," @Ac","d4tvC","qHwywlHwDZW6v-Qw6Gl'qYS","TatXHKA4tXJ17WnVFe4umCuA"
253,"4avB,I"," S94b-Z","l3Yr263cYEdbsmCt0b@nR","sW-qK8MiH"
254,"ff8","HkhODYPV","9XkRV.k6e49ywj7fvZBuLVA,u","wM6MacPeBbTSXEYG"
255,"l2DWAB4L","oy,i4","'kwh@5zikPrxG43D'ZG","6pz5v55BF5rSF"
256,"K-yn7","t455Xd9hwU","8s3x2QxCoEruU0bE6tgY7A0Rtz,","Y.t085iLIL8JUtJasjGmfFtrlG,NR5p"
257,"QTr7cy8","QBNSr","RNdtZyxk9FOa2oWVxIu","YkMs1du.cy',5l6BMM2W A@FV'"
258,"WLceA","SK-rd8Gb'","YKFVyje.RT0ceFLUbt@9S","gZF6QfjYb'BC6Sq9T"
259,"90kGAF","OqZW1a","tWx8WMdqHvYWgFFxsW0TwipoM","foW.KALAhROO"
260,"DnTX-","9vp13Wzov","Ov@gzlzME9aJ7f6fTwuqg6OO","R PF @9OlzkAY,1"
261,"K@ENDR","kRXcho","siuDNv5Z@ZwpUonLuQDeH","nYy.9,l5wqPSsJ0Ase 8N5-5C6"
262,"Zz,z","sFog-","c,f8FF VO6nxk9Un98.K Eot1","iTdCGN,altxjBS"
263,"BSig",".hauDj5z","lL0-ArsKMa4DnCiRWujm,uo"," dUMbCCQa COPrUhLmT2M@Sw.y"
264,"nbvD'2oq","U1K'","nmunsRiQJFqt1bG y","uAiRyYkF-T1"
265,"bCQ7Nu","u4LeM56MH","ME1URD7ujCDbFUD6tLdNDG","hbmXIr-36acZkz"
266,"BVEq"," G633MoQ","IcQ3ujUV7zFYOE94u44","rnK S6uSW"
267,"AeSb.","H9xDQzq2Q1","XrwRuPHtJq MbZtWmGP456Ap","W'rSwvAFvH"
268,"FGjt81","6F'm5eo4nA",",0j-@Eu2kqJPbAtoEShglpz@yyy","Nn6K@l xBEu-L"
269,"HKIq","RWGYf","YUpTd6BPvjyRSimJpktP","y5Lky8Z,MQ-d6Y,s'bMecbjVo6@"
270,"1Gr5KdX","mK8esoTq","rsYVOCl2.wiRkltiCCJ-u@9fi","be8Bq,q,xFXkN"
271,"l0XHz","BUOC1M","ZSc MZjsarWak-,."," Q9RvE7LPWN3fgnoR@iE@6zMMTzUn6"
272,"pFp","zFf","om3j,HnAWnCo5ZeCuv1gQtNp","x'D8Tlo0tSld"
273,"R'KwM@A","Qm0GO","ntcxWle..15bmTL2bzygVeibR","F,QtcNloGKAe1fHhzjFr.@-70CHvR0"
274,"QTnIUBu","-78LU2","TzZQ0zPY-CtoA mHlE0jmO","N0AOy0'qfpNu3''YmgoUdtgoYtPOg"
275,"YjzEvb","FA9wBSFVj.","G9nkGC-V,2Ke0RjWwL Ac,22AMB","ktp8 FhCZatHY"
276,"DvicBckPE","ZGyhg6'uAr",",wQQjyLVBIb09Gu1uLJhIWJ","d9DNKxV@Vp.EdvT6SJlSTTP7RN'77"
277,"txA1u,","Q6AYtdD","kiC0mPzjjpwSNjx@zfPdT","HT @59SfOcg6tgHGNmEn6xva42rB"
278,"kkFNkW","dc1M.lM","DSOaJcZ.ghwkFsay5PWlTA","pkKbeFcKiB,Xz4,k-GW'"
279,"dzM","q4KtFt9-","COCxTv8-vOmBYWTC4afcgfyu.","dsrkBtwtZ3lpEDXN11CpKe6gb0QDFv"
280,"uJGr7","dsIv-cmw","b5R2pB9eYC,ap4h22BRbzu","2VJWiuXCfPv"
281,"O8@L.","VD7I'PStGJW","EeZ.R89Il.i9Anw1bfm","VeBrJbZy'B"
282,"T23W6v","'oBcv.I","zIGmfpc'wMEVSi-RL5-j","j@lggeSuz5IpA,"
283,"YAkk6s","RlPz","JwdfBE1pBIhCwFj ","cJD,NJU1Kny"
284,"hKsWq","ye7Zd6o","qdRYfvydCAhZT9gsS7D","nBjU6JAVcCOW5xzy3bJEfMDD6x"
285,"j5ds 37","pgGOZ","mT9CaM3Kg3aHQGn9FXK42","4slhVKnHhvHzrcx"
286,"ay6iyI","WJhAQi","1h5F-8g6uewAEpFw,5X@N","g v2DfZNYps"
287,"7A","oAXVu  ","oYghbYIEUC'u @TCoFSMft","OoBlbWc0n-1z5,ngMqMAxQbeZ8DY1"
288," IUmv","UDASnFZh","Cgy9I5tp2tGRN'lAvrml","x2'84j0JW-P@k"
289,"DAQ28KwMM","9DEr0OYl","i@gk-4Anfz4LyorNpCiXtyhYI","'DfCsnbRE"
290,"00Lz","e9tHkY","ALPhS5x'IfkfPh5'1'E","abAiE,GF0x0EjT2IAOc5"
291,"94GZR4gb","z,GWR","hAzZ49MyD,Rc,IrS6rpbYosy","K'N,6hjAWY1mTPea88Q56SJ"
292,"tkqpS","zUcDMXCD","SKIDsgFYfQTVNQ.DUpb","X,RKWwQ BRZ'i"
293,"AroOI","0f-tl","Ztx9mCboV0GDrxyJ","7o4KfLLKzILsIC1"
294,"Tu17N04-","h 0W.j.","Ac1zsrPbbWhL0 dc0pTyAEAYg5lWiV","qNvtG7.veudco-nqXRiZaumQ0vDO"
295,"Gz,ZDbl","pJrf6","ArATTUMkrBCh5xaFvy","i6gyowd8ZtB'z7HvqI"
296,"atXdBFQ","UGp-i-vn","MYJMCQPxr CrM2WNsvBs06C","49Ku.kb K7,HlCMuBGd,S9cH3W9zKQ"
297,"pC DXD","oHwbNoRL","FDQrLK1wDJoqebPiPgUeRdcjN","DPio9Z4-7'"
298,"2.WI","yvYMIy5C","I0d yPNAJNJJ OgJYQW","NiKfczxOH5,p"
299,"51AqmV","eCG,BrBdwG","'C9zg19Iqm7rIgoIlSOip","MiMrZaRf-9@c'Y0"
300,"eqk4z","tlWw","oPJWSsbgMzAM,ve-yuqVni","5rIS'vo1v28j."
301,"T2xybt","9Rhu8xZ3","TcWN73IfACfT0kPoxI79sDMSJ43qL","pnbalXniKYRTYSx'G"
302,"yj,' j8","TmlgvvuVSFZC","oxEE-LVU6YU-0ZBW2.o4ce,QxtQ","pQADnCdOpbqQ unuXH-.VuZVSUdHt2vA"
303,"WamSNA","g.voyR","fJP7bFMU7TuoQgx1","FOYKg,ZizzbBDrV'kMmP5xDpdVRg"
304,"Nmey,0d","iyj1Y9","-kXUWRZwzl5wcjQ8.Nf","1NImreMd.g,0'bLY6hT"
305,".NpR","JLl@Xt@r","QQn,VhIaiL0@ajlxlNF.ca8VWmGy","ajXbb65z1gW,"
306,"7saedi","Y'SLU","oT6dWnGIaxOh8thBTw"," C,tW6NLf,.sD5I44AiXosOq5uq3'p"
307,"jJY@nQ","oE'mW12dO","5Sok7W@ qrg'cUVjjkrYg-","S .0Qo t'a1Gkl"
308,"Beg","u-8iD.Fmq","Fq5n3kr4wFuFJD B.Wq.CpL.WYq","4JtnKsp,@.RpNU"
309,"8VKqFK","tDp1HV3M",".0-w7@PbK@0G.32UgYA","W,5QlocpWLhVEgWW1XoIm78u5CmZSIdHQ"
310,"ljilEJsLN0z","LRrME8g.Q","tjtzw-IbDrtKLpZm9igBMYVqL","yLr@BCgdqwyl"
311,"xL6fW3Rt","pkxyemrN","D-ncU'gj1j'YZBMHP0OjZo.","-n 1@PSjb7T"
312,"vGcn0U","VuN9V","DR vaHxZPT3Dl8ds","HrgyC3sRWOLCX"
313,"qGR6SSO","xQpU6QEZ","K'aOBir6DtXoMHylvt","wy0iMbPCDijwtfQcH9cR"
314,",tb9FLp","B@cxofAs","OVdPT9m1ay,Bpt2x5un479tQo5","AOAWmNeT2x4PG4"
315,"K9jT5-gG","GnCR2PE'","8MkBXXLrgMLxcsPcY p8YMI","4hvb@43Pb17R0.ups3l3osTpCv"
316,"qAvDrs","KKLY-","-vo2ZCRMde1hD'Fxy42","qX'd5KYxTfluAjrOyK"
317,"gx'q","iuY4pb@a","qpEaPHHFxu4HSh5mZMJI65Sf","7hj0WrXfsX"
318,"Qqkn7,J","JCdSvR-.FU","VXP 14.'GtGKHfH5qvK9NnO' g7I","loA5Il'GKQK emiiKULg3suipSJM7Cf"
319,"'YWUP","SP0","uJxg5X8SvqdwZBq7UqpR",".kidir0D"
320,"1ITObI","e0x7Tmj'","v78BH@kzpapPatMBaN@1w-uD","JVWvgkZF2k,I"
321,"TGe9-er","y9iz","Uiq pdUcuiUbko2MCzaB","cPD,yknA9plig4ng .hi,nh4"
322,"tAG9Wt","eKeVx5Hz.f","fGnQf Bydhy4kad0JHHPOeknYq-","N9XlipwZWS"
323,"ERq14","YByCTD8","bTt8BG1s VODoNm KQC","DKfBKWWbRcBt@O"
324,"kSIq","ozGEjsVn","jv137iYoitXt074R91ugU@"," CdtP06FLXeN1v"
325,"xtEVeBC","2pTW0","0-xuuoHhwfMmmeOi79KVy","BzqP@LYa ld5.FlJ4vtNlhqI7iw59"
326,",Btc","gQ YsU","g4Dtw@A27r9XjQgs8za","@'8e79K45mZlBRK R"
327,"Z8e RIxX","tbD Y.B","79E.QISkS-@8sOYQ12","LT0Ai5dgdfxTuULEyWVqLfk"
328,"zitb7hs","cf5V","5SIc1hL6-Hr,1sGV","HX7YA0eJ0944Gxdfgpvn, 0pJhAa"
329,"LWZ,","xRtvG","PCzjWddrFn3-bM3QG-3JM","gJMTEcMBsE"
330,"o-7S5c","Pwh9Qrv3r","7OkbsLzVZlOWx9MIrJ1ns d","IMOmksO04aY0te"
331,"E5-HpF","aQrYMt21w","8A wWVRRMJFYbepb1eANd","'1ZUBVLf.C.yV1sPdRs3 FGwIF1m"
332,"gsyRf","qGHKl1DA","8IksZ4W3. WNEVFSTtqktTq","BUvf2ha5. YizEtqA-QY,Inz"
333,"p6,NIB","IjnLrS'","Tn6e'pZ6xP2MpffXGXL08JRho","dY5MtTCLtdW MhOpF"
334,"4wAM","'u XZjqL",",RUH7 bt3ehdWHBQMu'5NH","SG8rKAmkuJy6-A5"
335,"MrVbok","i8CfHfX","9nSvs0OJt7z3wz9'l","-akl.,@Pja2Gt"
336,"LHNj","P.dJp3","M2 17zduP uN@kKhNO7v","Zn2.gjx4XHd"
337,"61ZDLGA","h@2N3fyHK","XnBXRSNICL0Z36RLftiYf.","2te0dCu@LS1MQN"
338,"nfYF5-","A@z4WF","a89XbjlAOw9lo4fhjZeF'WZ","1IQ2cHtZbd02WfM4lMFfMw945T06"
339,"@y@X","rpnzJ","5TAlsFi96DALCcj0bjw5","bX jSWv@oj"
340,"z'kn88vg","H,8TVpxtZ","LxrHfK00wS'g8ksCqA6X3mh ","fUNnvtTJerDxH"
341,"mW4Bap0-","ihYWsywrq","frdDvzSML@m9U4oTJ6aTZ@","Y.zYbdX8C2T0Q-P"
342,"thP","e0Gut49t","Y IO272'pl'lSUaxdloWZte","mkLIwBFQ"
343,"F,CXQ","Lhk9w","rW49GnlbvBwbzT-7dVd","x4eEKVJIqYne,Hbi8"
344,"yCHvxCaK","ddw9UPP@","iFRXmkXl ZO5k6ihNpOeJOUg3","m23KT ZKE89,iaoWv2JUSLvymjK"
345,"' bOv","14icbMJ","VTeZ.5WbFqkiBpB@VpSpH0k","t0ymZOq38j"
346,"8etzV","ps1nEW","8tGR61APhv4M'iRNJb44RO4vx","kdCa,er "
347,"sVcW0","'.ffN5iP","cxIx3vN sRyhyj0TRplfCIWN",",7FgqB3QsPzI2uN"
348,"0.Pu1","4aFkLG","xL3aJASTV-'5FWMvIP y","5tqN625WtF"
349,"wVB6eJ8","wQ.'CLO","pb0IpgF9lF.zWTbgk-Hs","o'xAV2.bhKBRKp8X"
350,"QtEn","XJLKqB","J sLBYs9oBmIQaTns9LR4","T90KBAKkAKk 6ILPOLRM-rja"
351,"xyjjOh","F6T@QIrF","kKQw12HSG4VxAswSbKOAL","C1zuxXgvmGFI"
352,"YgCIT","EpV0n","aq jVl'qTFrOqeeKShxlZOZ","m01seag65PdaH"
353,"HclfQ-","Ss2'7ME","yEWzoXkTySDAmXZWATi","AHvFkVRAE@4@Q"
354,"NrCQktq","x4@A4MTXd","tIT VcySgf-Ggn3x9H4A","gZRA.bL9YGlKpVq"
355,"pUqqn'Oy","d3GbORd","WdE1AyeoGmcliORmf@g9.gM","g9N1lyZVPxjgdbb"
356,"B M405o77","QsQRCwAh9Z","rASVeVtrdOwScglD'ar@QyBf'3OKJC","CiRdcVEDJl,xJ4jkJHYp"
357,"fpwM","iwDWK","0bwVNOf2NGv@N55daufNO","-GJ'raFI2Oxx1M"
358,"lWsl,","Ux5agmv",".eE0Nx-OrdSk4A.DZt5-Ue@X5","g21At'6.dyz6BvQy uT1dx3uwAFgds"
359,"3LsBP","wNM@Cecl","G.W,bed0IdsS9iPl-f0HqVvx","QkISjYo.uUO74e hy"
360,"7'8L","'z13pXj","P'uw'h96dx8@NMuNEmE8T-VEg5","-qKOwPWImZOf6Xo15CRAce6zZAa1M"
361,"2hhskTs","r9RZh","Mqw5PNV 6LtTl3Cb","9W2dtOionpIWafuj2Qwdhks2QC"
362,"F.FtI3","M27aeM","mcX2'.IjFzP6,U4d9BXOMf","LkALAU6xmq"
363,"fPPbKCd9","ydcn'VM","SApx@DUan0KSaeAwQ8yqDMfxW","Es4uOaMQBjZ"
364,"ppGLSDS6","swIuih","KEiiPgslvwSUzQXTID7@0m","bmSUd'jo8dWqo4a4gFK5NV oyv"
365,"3DpXLQ","tePG N37A","0nTcpunCaANvmdPqycN@fwn","UXVhr1hW5N"
366,"rSua","SSUBcuKv","ENKbvxNveESap,KZ1RJ,kb,Q'","p0Mh's4PIB@KeZ3nmHEegrmYA6p"
367,"UsMsB.","XoR0qZ","t8KTdoMSu0ZTmqExLdTZlFk","2 Q78xqMQUa,wonUQeuExPKQg"
368,"oxUBI","Qd3wYWw,E","gzrYwRU8XNL09DPtcCjyaTdPqe","4d@oSFSZBGS"
369,"QD@d0o8LS","6jvzVYJ-","HgMTmGWRjS N62gapYVv","sHEzuLaRhs.,MfTiKPrj08Kp"
370,"IDzCIs","cgJyxUA","HATXIt.E2LzR5l'Ws","CbBca4WXSwCD"
371,"LFGS","kV33WKpR","cQW3JD'92n2CWo2I@S82p7T 1,","ea7JdL1gBFsoQjKVgE-1@Xk9"
372,"6M.n9a3'","xJDP","vxv@SO92StYEFkuMa37yT","OFYrU3kmWQe1zf-@YW"
373,"mfMuq","uPTKiAY","Ek.3H2nt4k,lUDbEY4","dQg9r3V8ch-oLk5Sg394e"
374,"tyqEa","Y5@T.It","f'C,Ln6EXp1VLdGsQPjQHKgwSe G","kI223XwYbUjcO@yLyXc.udY7q3,3z"
375,"QCTOX","O.Hpt","csaYarTVL5p7z1U'ZiEE","Pf-xEnp3yeADek"
376,"evUlBB","h,6zZ,v9","J9,obwR9jhkguWQE@2hiEgl3","Rk'TJQ39EvX"
377,"To'nea5","TZj3.c","8cP5Up3lpfWwQOTM8tM34",".C8stEHTU@Ypx,EB"
378,"36l9h","NRq0tL1P8Uz","D5Uy0Niy95wIjkCvOEoyObpl3m","PX39dgWELGyoy"
379,"R3uN","z-1rkG","mxNYk2fD3N9EsbTd8.P","8.cm.DQ6h."
380,"1qZXmSa","UAcLpAy","CUU po enmBKziSi-xS8F","Kk7gCgfeDlftbjsCNN8ZIiI@6b6P"
381,"utANfw","U5SKPEDqJo","xrnNZKkzMj-P5zk-HNJq0Q","cipZN34TtVf.W9Oz3"
382,"t5K3upl","R.FITE70","VfqduOFiP-v4GCfmwzTP7ISws","K6luaTevX7OI@ZEkc.0TlBWEsdN"
383,"-Is.i","K-ut,Eu","MlPilK@TuMJX5IYyJB","hKWDMuYBya8.z"
384,"g.5yT","-h93R.","aDa87-xMLSgQjPPf","yvEJDOGVxRx"
385,"@gs9 82",",-ANKO-ki","u,@ e lXg6@y,EDc3aAfUOEMrv q@hA","W0COsjbKuJ"
386,"wlqa","j22n48ARb","HrKVwWgo1m6ICt0'pz0O1IPe","A7FeZmUFZyb"
387,"SyZ,95","atZd","yj9M3HY w.tSAa","@KZdeaxxzLb5HN6bFgk77qn5tH-YaB,kVu"
388,"IL,orX","lV54jI"," PyQIr.- cyHObTbrc","-YN84r9f'"
389,"zcXq","'MP0","rtpBnd7ukpZiDrzf1IY","9pIokimtUlHnjBDE"
390,"A3pza-F","zqY6","9Z9RwSv54M,gSA7","j9OFr.rk8JpL-E0"
391,"0OJ.-0P","GhwvhKqZ90","o8WBduuYeKIlgzC1JfglhMJ3","h-A.st3'jgILSsk@8Nypj9"
392,"t'1DE71","8.,fqCw","knX6ZIHpJGKEZh0fP4xB","S@0BGU29kVKf3"
393,"mxE","xmQPAXvo","DCOhRQQE5LPYANLNX@.n5g5","BEx pa9LRoKRp6MixiR recDf'sU"
394,"YIMuoZmN",",q,Ba","EZ67KjXrU62z5nzL2mu","jXr0R .Fpuha"
395,"uzZjNx","xWgcRowe","60giNNH 8M6LQkg00VeVqXB4","fRcugSxy'8,FgKsn "
396,"uUbaWx",",4kDbU792","xZqdKtaV1Gcp1@12P3M0UF',","CG'tSHBPk@"
397,"znWC2GvuB","AM-Hg8","cZNULewWy7U@tlBbJqPLb","eiwxNhEsUgfFFjLwIXtIQo9B3y-381MQ7"
398,"WfJc,","3nZQpLr","VYGSqZzzT1IhSrk'MjiH A","OrwqYUeIZNfg4H-7ZQjkedZSJGoMOPpDV"
399,"Beg","1pZf47YG","4YF8E0dAk3CX-NdrrByW",".tq6DmF4wto89T5uIbk5KdMmk1IiK"
400,"MbMqIe","d'wR","FABQAR9xz@-NiR5Nuk20","joEg4,kj7ujQXRYE4nUCJ,Xc"
401,"jPkb","8RgVVMq",".SnnDt8cFQb0--VDIQrRe7","YgcN.vLznOYLKrd1hB6-M'CAgjjuqkI"
402,"CTi3s9k","s.Jxa","m,siy94tHYWwa.WWF","S1pnKJY-H1-Ak90C"
403,"Mmv9JA","-ifOodCY","XEw-f2jTfQ5ge038gnJVPdQ1I9XzalD","PZY1SfN w@-"
404,"JpJG",".41Bq",".qPqBz5 cxj5EeZE","XB,HKZ12E4uRMCZ4yea Rrv.8flp"
405,"embY2O","dh3SZR9H","rVn.oUe8QJ8jaasExx8XAEJqKk,1","5GsMyU .eetkT7"
406,"Jm1","kU .h'","3eAgwY1AN4skY'NcwiWK","RROg@jJ ZI.9vSc"
407,"RQKV e","Bzb6mV.n","uiSfY5tISwFgWvSm0Gzt","f3z3YzQfC5sR71@zmADdlOxO"
408,"MzA","xZDwJv","rV,GbiM7VfeSNY00kjCx","1LFm2K'pLp8nQTutw3N0UAHb7'wT "
409,"qpZ2n","yi,N"," tUAINB06ZWpKOSIy","Tkc3,dgGUG Wa0S.HSCTvR z8IwTANQ"
410,"9ra7V6","sHsp8M6","Fcw.I-6Qr3pRa,ij6B","OZh0lfd.-avp0Pz"
411,"rBH-EwDF","3-brqG",",dW9yeQpPlbsr@lmqc4C6ahkm","t10v3Yb2q"
412,"R,ea","BMor8bA",".stccRuiH KlcyhYd5.Z-HWhqu","mXi@lWEVWawZ4fDoYhgel '"
413,"@yXCY,","NN@F","hPoWITyxlZehowh","JG493xhb2pQ"
414,"wZqfM","ftMvIR","1rlOk,NvlNsIf6Ie6CbYrze","hfVl0MY3vxbC"
415,"bqDhC6M,",",Rn5mE","kyd uO3Jyrl.TxyGDiN@2","TN,qTb.Mu.e@7P13"
416,"tcMRR","DaDJNB","M@pELMCVFT'uIOc@e","26sQdIFKDSK,hU"
417,"IYb,j","Pyi@L4",",tZy-u0 ''hiwFAbnzgc","bWnExNdFKWmR@H9v6g,zGXStMs"
418,"gyLTMVy","H@l@kDna","OJWJXmS Vqc@KJ3XCAl7i1KtGdon","DE1r3BYfBjhJ@uLv-PHGqLUWavaDD"
419,"xchJFu","r-Drb","Popglp3rPMPVP,gA,","x@rxx.GtjFZpED11DdJj,lrAUI"
420,"m'hEr","3Du NKfu","JFwEg.g3lWwaMPoQ3YDarb","zInxHCyv,L"
421,"ojIVK","78Ccg8",".SGA7ixW0juttIoEsxUJ5Q","z1-Q.667ozjq@vS7mWKE2Lwaa"
422,"HtV,Bhq@","6MmsK","5B@tnfVqOKRzP4YQ72.0qElPP'","oo.LplOOwneAv9NRN,q0'9zqf"
423,"4iD","AHZC0j-k2","ZUr6LuQgK-DtJUOa'hfNOCxkkAV@mm","jUZInPBoRrR-0"
424,"VRSdlWL","b7nq Gldu","dMDIWJ'tEL 6PcEUPiZXXRt5","8dypN4g6 9S6D6H4"
425,"sE6qY@V3q","0EIx6","jjWDWZZZ4tSIGNV0C2b","S87AWo0gjlU"
426,"A7Pr2K","Qo9fmH1H","cr@'Tazna@4RW0fTNwLDB50C","SMMN3c2s"
427,"1dT'","W-INTeGF","2hJkulVdcE,u5I99TFwIxlb","tIo,rNNwwPkU6imWag5l'WK,d8l2uFC61"
428,"BRc4b","BFb40W9Rl","jciqSF3GofkGkKkuE3Ea","phW9tsH31lc19f1qlHKG4rDeKHqGTT"
429,"xL6fW3Rt","yx@h9bM","o2uD6tXTX3m1C@8vIb,","x'D8Tlo0tSld"
430,"qybZG","4qOuU3zC","WuNYtqmc-G3fwG073H1fuXjvgfO","5yNvozx8@0UKVT"
431,"36l9h","L-oiP iPe","27FLQvjyV49PO6X696XnL1","hkSb2v-BpKoOg4BYpgBJ@EDmmK"
432,"fDgSd@7@","ZRklKnn","u os5h'dH,klvd.hW0","655FKM3,CbO"
433,"nh8ZAKf","U.Ykf8lkCsN","2sY3LV0s3dTaKMINLsEd0","2DqOWnMF"
434,"-k3UW","c2SyUc6VRWB","uEfTkCum@tpXr-s'-NylmrgU","VfSGiCHnv48-UKwA3Lnn zh5H"
435,"yCWm","SJ0h8vup","2EVFR2Szvnv 5 ve62i3SM8Gd2h","c5mO1ubj@C4Ci'wIsbRl1svB-rvz3Lk"
436,"zIn if","',LO6.","iJWODJHrt-5doW'uuD3VA","KSxvecj8MbjSWp"
437,"Qov-gl","4kkoxQY","ka-UQ,Gn0FDe'r5Uqfki","Lw@Nh6YyP'cV6"
438,"N0Zxk","2mzqb","oQquMG59fD4rYWVDVZ","QC'K4ik"
439,"o2V.Xj","nJkSnv,OR","3VAfO9S''G4xAb-D6HxV4o3FCsmHviXNNUn","ZPpiVYmTb1hFe7"
440,"W91u07Y,","@Q'pmNdm","hYfR@9WW6qRRz@-6UZICNrs4BDj","VJF0F1fbnOk0@V9bu9hzIZOTsBN"
441,"EztzX","zxD966Ua","ClB'uMz8aeuS9KNzGoTPvVFL'",",cU8Yc,ls51sYLkBSCQMQL2u"
442,"Zc6,u","@a79SO","qlDtG6WVjE2ERkHZilI","CXz210tIEVY2EKENC't.D3PhT"
443,"x.bCu.","JVBHyO0","XvqjQumb5A1-5RpMKWg","02TXIm.tvT8dA5l"
444,"vN,lCg","uslAePy","PC6WB3GZxaXwcem6ibUOaYNtH2fy4","fQ0Q t8c4zELUdg11un 1G"
445,"JtHr6MNw","2e@2jxw","Nf6sbxk4lYMrsTrHK,HnvP7Ws","Bwo2ZmKyxfJGW7,fGfl.PNybo"
446,"UB3JqLj","BDXuk","aZZ,7fB09f5tkyt2'M","d63FBmdsac-@u8Op"
447,"v8cs","qFp0QBo4E","GV-dHKLJd@kA@qC3Kx9B","8eDrUNGUPL9hV3wXPlHt"
448,"oaxUFc","pYX5jqI","T'F9p.uwNL4rUnHZJb","kIv4YdqB"
449,"q4vx","E' 8Slo ","IaRGnTYfmdE9YA-IvCtlqG3XtaA","jA1vw4'L-L"
450,"ZWy@","WRhn10KKPtX","J97uKCj7CfTaxouncEBi-Yl2VaS","Hp'8 3Trlc QuZ-"
451,"uqufXQIZ","CqLT@1c","TST7 'zhgcFD6 JaYu","XsX,v,4flEcyEZ@FShO fgl2pvB"
452,"TtE,BzUp","BEZW5eGn","8Vcr'1ugb0KQ2qBYXP5h'w","GCatmbEVihjnlORIy"
453,"0atvE","HIS3mE","SHHrKd497JmxvPb4Xz3Uen","eoD9iKQRrRYdtO"
454,"EWFZf7","ISKv","e9NSK5AGIfWOrlF","OixUOXb9ul."
455,"UW-pkp","t,i'","A3nad1K4j7R2qOz","m0idykTbRuauoiHK5"
456,"DMnGIH","idgE'W9aPH","seQHPWs-G0ykekXyeuZq.Aa6vD"," OlAf3OmeD"
457,"DQBvoH1","c98bdJ's","ml4NGHqZQmJSHbD78LB@tTWOjac","jhW'DxVFTC6Qy0Ha"
458,"D5lDaP1","of.Gk","n.f  cVqES@twYWv.nzVRi","PasbhfvrQ56w"
459,"-'FJK","Sb19en","4Wllb@rxOgps,Z AselEZd'","2vfBXF'JOSb"
460,"BLZYk23","oWNbsG-",".sWgyZbUzQLiaSHI9q","s fsi'DgCeuBtkdqm0t2fa'O"
461,"KpJwmG4","099eIW","zFkv4myrwDQzuiVfQP JI","7m8vlv52,F"
462,"iE,Qr","0vQB87K2W","nLa-HnW7DZ@F8BKzgDzHHr7BZCSi","6dtzJWNLvLji"
463,",8'Bz","jUvLUCO3","S7iZ1iB1HPF-k4y7DQ9Dz","S1@Zi.qWO@HW,L3G"
464,"p@0A","jC6yR4","ynTisLFZ832iAvvs4F.'Sa0hmJ4kY","GbgNszD2RCQwjpyFok62QoP21li"
465,"-2FyNH","Mm0oXa","XMse,,dgIg5ZGfrp",",yoBKin4j7SzExi9zU2"
466,"@rHiLC","BxJ..vA","SV.U9N0Knb,'99sE'V3VA ZfNM","4z3XWWQTLfUx0MT"
467,"o.0gbs","gzUhz","9F2G' 8Z'xP76OgdHk","TAsK3Q5quAc9h@XVIOSg1pSm47"
468,"Nr,XA","5tz1Th","i0lONuN@vGinWERVgd8UCeohL","gYDQr0Z@XKfL"
469,"B1iE8","h@2N3fyHK","-Qr DEfVRjI7y8KlpRkRbveQ'","KEgoiSKy1HYd0"
470,"dY@C","'5Ds0adm","YO-NVB3na@zGu77KjIMASfye","Loj 0ap38vfZlaQV2idEQBbjUH.5.V6"
471,"VyXmB","f,RUq4PI,","y42j,85tJ2Ggn1pS@nPXbewP","XHMnKLBobv5Hbl Oa"
472,"7s@MDQ5T7T","I6K6o","iwBaJRJ5-qBI59TR5f","6IkXrI1I@rL.pg'0CVVg0OI6 YWlzu6rx"
473,"EBw53E","g'0KZ",".up1SOv5lgt,q6m8","V'u4 P2KO,v-K"
474,"HUXQZy1A","NsCis-uX.","6UvWgVMlk S3,CZIB,EXL.xs","ArIGwoD8qAZalcx"
475,"CgsnQ","PvY,ha","taM4QTdMKb4'S7bDf8aA","NEVfIuPtgU"
476,"y-nL","w e8TfOw","1PVagv''T6g3jYaHbmOJcds.U","-lR2rFnkLnacG"
477,"'HRf3g","KGB.","Fv5FUqn2ulLKs6khCv","vdxq3d5iAH5VQF5"
478,"A1pYvNRG.","Z',TCL-","gf'DMee@sVpIgGQbtqxo5q","1VBhaIdPOeGXthh"
479,"dT5W","JZqskU","LG6GBDAKJ,FaMb-alI8c","khUTNcl5JDR"
480,"Wc.nYe","YgoQ6C22fp54","Ix6z5c.5Ru8Q6UjihRyTW7 0@0eN","'fGvxPFQc25"
481,",bBA"," O@Ems","tp5Na,ErHYpe-KB55'x.HR-jQob","bfNRB7ITjfqaV,Y7MnexwqDnH"
482,"cIjuIF,","leeIv-lf","RIeDjuRY-2qEgvxKtC5Dj7fb","rMBTCJ,0Hr11rs"
483,"Q ","J4DG C","6SeO zEFuBW30nWSqqgaRz","x-Ia9Zhg6DHfe"
484,"ce'-v","emQhV.Zuj","yhX9,z2Ux,ZQfIu,A@HA-CEQNz@BmzbT","yGC yhJug"
485,"K'ymgk3r","YYJDgkQ7Wg","qz7ftkBF'mqRSifCTiP'Az3o w","9mFDWtifW2. o5elD"
486,"@qPsGbTNbZ","hbF35kEy","iL86X1pb7Jp'NBck2xGTz'","IDdYNISfu'D"
487,"wF2tp9M","k3IU65ag2","8po2CWv.N0vowv,Tw ","LFrh3IKohwhPfVo81wET3dkjqOHx"
488,"4Z7Oez6g","VXP7k1","rXsc2CWHk0nr'LMo2ot",",zyT784GA1"
489,"G'jV","KfL6gSS7iS","63Z9Jr9NYIcGUkDqh.@j33","sI-4EFe @tq"
490,"aFP-Tr","F9SWetHn","6BuhAZ.HOvbfclCN-HmQw2HE2E","rYMoJzqa2DYQ3DIs3tW,A6ogzFuF"
491,"f5kCMXmt1","hTTaG ","NEjmYgPwHkNWX-6Rzsa","0f2Qoecx8aM2"
492,"2nlasQ.'","KhBpB8P0aRm","BMETjdCmnbTh8YEPsHYLE.","cRA1SacgaJP@"
493,"qpZ2n","LF6CJ-wZ'","LV0458@QRSE8XP-GoQQXIHlekil8LKT","YhN6lQFiqAWmi"
494,"2iet-.a","Zyh","0KOWb1kp-r79ptehf","aKv1akJoboR'8"
495,"LHmlvqN","ps0JJDQ","i jJbna'vPFjFEXFtOv","YKFbh0B-4ih.s,nCzFzy3VfATA r4T."
496,"K1gShi-","vz6'.FN","naI NP9q.gt 8CsCGVExsVpy2-","V0-brd @SbuOHQvv,eb,jWn"
497,"m@skcW6","-LJJ5EMEA","9 icn1j8Z7ltJA  aCOq","9c5BitUoNmsHu"
498,"-D-9im5o","W9z.sa","VydySr0CNIte-LWRJft'yg.","9m6iSVN c@AEMj"
499,"MbMqIe","Th 4lQz","i.lmYY6jf1kq-vgw'lEMC3lzrO","qPdLfNsfLVWIQT"
500,"h.4Tzx","sa0xZv","cTk.y9D8PV'DGUgl7R",",QykBiYf@ HAwp57O"
501,"wlqa","JlYprn","ExEBRb1W59f9J0wp7oQ8","w sv1UQJ4EPzSr"
502,"f82vV","of.Gk","kTIgounfJ4zH5yr","r9EOJ7cO7htQ"
503,"QiQcW","RbnZIILQ","1RR0Uycriflu8zZDi9mikU","Yy OsXtSJF4"
504,"eOYvt","7FsI@","Uex3RwNj2mAxLkpgE"," dcfifD1IpemE"
505,"i6NQSfM","1MG@OqmR","BDvEpjd4'J-RR'ii'9a.7","g DLlunw@@gR5Xy.F"
506,"XMumpIp6","R.A5JLioF","XH7zj37fpV.WA-0vIi1'kY","5KaGgfcfWjE"
507,"JBz X","N-A61gFtm","FxUrKgWDV'yYUOxQfqYG2D8.2","gz1 0UMd6T6fNMLDQ29GpN7aE@1I4"
508,"hLdr.R","Y0D3MC-","1IV1' VgRJVSe,Wsz'..J0xA","26a3IjPrzK2ATl7kQoI3yS0Q3"
509,"h8hf6",".l'SMkU",",v2v87LqovNKHkdZ6KLMrbUb","pDNHqNX.7keGFeDD'"
510,",G w0","bioB0T","AF.InHm'2d.g'T27AktP","eRodqUDUK.R,"
511," BH-6y","yrFy6","7eqO'N-Zvf saCU","ve5TQuZr6bWsNR1Va26A"
512,"WDSeFJ","Mwhljt,","3qeM0cZUmkDcIIt1A0AP","JAvs5mAV"
513,"LQ9qguI","QQpLLeBq","suYvyDCdXyRNwr2Fe0m","ZY'CNVYjqRWD3u.y.AJa7dbni9O6"
514,"h9h.JL","nImAmKr","Cun8oCo4DbG41jS8Y IB5","Jt'Q5jTt36C"
515,"ppBJhbs","MJ3.bvmtY","--StruDbnqucOd2KN7BCGapkvf","bbK3-1 dhy298utDhCTOydAG l9Kp,6"
516,"H7pYV","mgp@8l6-jO","sFp'lFZ,btAH1r2ZZh8cwEl","RhYhyFEwZ5Kmk.g0MTQr6puA"
517,"MoHWeM4","Cxt9","tKPeg'FNMrhYQu312","EWSgfR0XJj"
518,"c. K'e","Gzi818LG","KxRv5K3ivjVAcPaLVe'DIdc9g","LEPihf5shKk"
519,"lqpC",",PD60qu","eZadbmEkot4t.'KvyTAyf","ZTt9G5sMmv2Y0s2"
520,"tUHuyjW","zyzLQsJl","'W@Un7saRqMZ1I1.-,pCmGIz-","oP@KQL,0sgXGu"
521,"BDOXe","1-xFvwdL","FzK15PgdqRaChHV.k5A'","4,0optfPJHrnJxv.B,oAZBOYiMkN"
522,"-L9C","Voiq","Fh4yyznD-IK.pZ8Ali1usuS","VyFz3wqY"
523,"8AFmb","I3JZoP","K0wYpVOxn@KauFolx8qKUV","cLPlqjKMb1gS"
524,"kRA2xtU3","9NMQ0a,Z","uWDXmHAwhVShdRTek89KNFtpy1","DVjbKj6NOsv6xuZI 4QgKw6. ,,"
525,"4sGyP","OlyFu","nVXy9i,RxZuKLQQ9VmlTeAu","gudUmNuDiGP6"
526,"EJ.2Ack","NbFkxr6","qUpMVcjPcq@RQnV@P7fSS","ljQbaT.ql2,l4OZ57QiJH '9mT"
527," TQ'3N","FW@8Q@iv","6cuEUK huvcKJWer0c BkNDf","QNkbRzAMBs4VKE"
528,"XTQeb","G.dJw","4p-eEQSykByynr.U3P'oJlHq","UlgOYIimuS8CCZWF7S"
529,"GRX","rfMJ7q","tJzyV FnlqdDVdO@IJh","EG.t.Zn'cGSW8NlgqaoHJBZhlm,"
530,"CL4D","VoRvs","bgeMRecr8lNh-rxWwOYIQU","IhnM6RGkcsd"
531,"Kyf","EjHQS62P6m","T3ky8rfFuDEvUSBD6sn'pgz","0pHv,mS60ri'Wve7i.d CtASva5"
532,"j56vpk","FmKN2RFAp","22P3WpMH0k2.hxr4QWj9G3t-","wGTfXPLSh99qRKIcSLe-Z.q"
533,"YHiyJ","3'mv3DC","e.wvf'QdXnbfHkYFu1zyJqZy","8VHCqJwi9W-"
534,"OL bh,PA","BIibUH","8OH6bfBlbhTH5G0VWGN7z","L7HSKgYNC6-ZJd"
535,"GjFEF","YiAOPz-u","LW EiVXpSUnmnN5aZrurDB@v","@,ZFJ9l1 ixaZAc"
536,"wrx14ORq","-5-MC6M","zjHugpOtQLUBCz7TuE","IfiLMIJH6xfw"
537,"MXy","ER'zwZ7'Z","H5kG2dt6O-F5Jd6F5P' E","QEn TtC2izgm"
538,"cYpPKkXT","iqXzGT","oKyCQQDTZfBVJWgEM7iMm","YRFui9sFx@tMrrNrl ya-PwPpt"
539,"k,Ews","qcgkrK5waZy","CEBM,QDVL2pujmNxonDxpo","WVnk9 3ItHvcb"
540,"-tr5Ty","yo0x9Kpq","w@IJP4XvnwIWQiaPstpqVX","2eF,jRJLrEl UrceGQdY3DIj9ex"
541,"A-xWC.","srY.Yl6","N-14hYyG5CLL2GkvvY0Sjttb8@","FqN,-pdr3OOR2lcsNa"
542,"gIbP7"," xQY.Ixcg","joR,9NJ0F.BgJFf6WsOSs-Ve4N8","895,NCJMMxzl"
543,"ITu3wGTVa","@C3Mfr","PU4cxaaL7Kb78Y4S1udQ,Qz","Ts3fq271qzccyIJ8yDdAj9gt5"
544,"WoC5Oi.m","dQZS5D8","dx-iSkADwZ,G.gsncw@o","OxBO.sBv'gDiqZW4d "
545,"r3@HOY","lxm0qFP5syR",".zI6PrH8f2m n0Mv'7h87g4m2ZH7","16r@Y1CQZnIHzQn"
546,"vqE Ox","79B1sL","nBS9MrZSV0@LNLURH9C'ZI","rzUJ T3eZYMNB"
547,"O-2,k","NlzgKhT","BaRKGZxr@HJZ.bAnZLFKuGoOu","l@zJS71fq"
548,"3J4BWI","tmP3f8j","fU@CcUbLDGvt@b72cTw77Vx3N","e0NjgD.jme"
549,"EZtLLy","8Sr-NZ","Ji Twtd1YGW5Ln3IzWW,HYX4","zKGWF2R5'.Fvdh"
550,"VtHS","hvqytaBN8","iipE'IMazYsGGfH7qPti'","DMiICnzLXec"
551,"qceBH","DBnW9eG","LqqpKkTL5yy7iOMWNaB","AWwtkM@ihY1"
552,"uYTB","RbT49Z.OD","1qJ7AWqqxAtXRSUPuXJx8BjVB","D'MdVTwq"
553,"E'Beiew","i3hqPr","Ut'WA,iC19Q8Vc5HO","EMYeWVCx."
554,"A'Pzqm","L5qx3W","@KbxQRrzowzR6 eeuG","w26vkkJ.6Lkzs"
555,"ImFf3VNz","OORrk ","fgqj0feUAB2UH6XLmL.VK","PasbhfvrQ56w"
556,"rzvY","TDeSEzk","QJTDICftkiufTqZLclvbAsT","RmG8-3ZM8D3xZ-n6C"
557,"N3'V,h","EjEVF.f","UwkPwVTS01@wSLYzQVe-FhyE","ZNbSfGhoz2m"
558,"YdJ","nYai7","LGcknN2u yXUoNKDM"," VrabRorYchp' iMSu3QkclJRmSLYSV"
559,"t7HP","AbR7gtpq","WDMm6i0@PhBjJ-geZr12qKnZHNz2y5k","hMhH3.HUW-GIkqS1hN"
560,"KdrJ9Jp9","v5s,mk","310bEZnYljUsPOBMa99jD,M c","43KK1OjCSFs5"
561,"TvD-@L","iZCBzQ'","5rIyYv,-M1@d8Q70cc@opf","4kXjxnMMetCWzwu3HrH-pHZ@f"
562,"d3Zkt83","JEDo5O","b1gTQWa3ofAaQ2Mdx8J' qa","vA2tzebTNW-gHkQr9Bozu1llZdQ"
563,"fM9q5O05","d2mfnJj","opxtADC1D4ero649x07","9 KZEReunk04l1hF-,DdlxVAR.P"
564,"4C8iNfSD","'wO0o-WG6x","UCmi2fN6JGsUiwc8yE-d","O2R G0e35vud2D5AKbl.1RO@f5jC"
565,"-pyu-G","7smUTLMzlK","Vlw3sWrK4Ek9el@2Z9vW2,1"," eD'4XZ5B4LF4Fy-tu'f3LNc"
566,"e3Paux",",4n0bVj","Ik3F2Qy wSeibi4XErOD"," GiLOW,wGF5,9fWdWlo'0,rj8"
567,"8SbEOm","XpJ'9l,S","4.PyoTlaCuo6hhc@CGiaLD8","tDKJJ3UfDz,u2 VkhY@4 u"
568,"N-Ae",",DJfuZqm","yZQNY04IU97TWc-L8zkFP20","km05e@sa83rY3"
569,"sZJ2lc-","3pE5T8wKP","QR28.tmYlIa6g0V63aNrfS8CL","5skRWt8lq6DMk"
570,"1dq7eH","ILp3ge","b4xa'CMaEweJh@POtJbndN","c51Q2utowC"
571,"Wc5ip@O","mKm9DYQh5","r1LJjytXrLU1-OMpZb F9","qWx',J0KN,k"
572,"4ycVx","HoZdqum","5qVyzST2X5hHdoJRnx'O","dgS'pXWqZIhAzV-FfAFUkC "
573,"Cp3QS","Usoi","B3rDvytD2eSG2hA10SktDDr","X-'Zoq7BC0lYwpBCQ7 1w "
574,"Av99a","o0mxp","KH1nrUK8pzrwVfhAFYS","d g65-Ru.B"
575,"w@J2@"," pM.n7V","XT2HH5MA.C'3FnCVwas,dTw","f6JsVw,N1s6NjtVPmzH"
576,"wAM'YmII","mA,QwoXAsKl4","f@-l09zfvaJT q.aiTQdfICfCm","uxHtrqf'BMZ"
577,"Guq@lz7","2Uy,8Nc","@aYTzaM.LN4t''lOqNsekxeRR-CQ7x","qekrvezUBEDFB5f1Bgl-8CG1kwQ"
578,"@sB ","YYo,W","RroAqc5Gb@RMbp9fVx","absCg8aGNzcOiWk3"
579,"xPDVz","GS@wRHm6pN","jJFq'X32vIzAQ3wHXIIa ","kUpDcCu-zGV"
580,"axPti","9M9YC","CGGU,jA9J66Jt8B5","'4uIra9cz-UD"
581,"bIjPUYjH","WCzx.3fu","-IYqZB@ro-VBc2.NjBxrXVGI9","2pRz@@iuMIC"
582,"refep","mEUhl","ImXh-WbVqzVkGJf1 98e","tBIomJFIoufjO33ObrEtDPX4c9LS,BGVuU2"
583,"-vTwIRCN","NNVwvZP","Aj@ANlA3Tkz4G7G@rA1yh77aXF","A,2OtjN'bAEhr"
584,"BMTE","zf0uH","WhZsooJzTCw@chUmxqbUc0UW","KMr3.Lq'VPrnhsUO7MfIKiCU."
585,"'qI5oI.p","7DhXZXqZA'4","TYQeFgXaYUOwr KvJZHv7Zj6'","bDk1dwGSFyk'hrN,y4N-qd.M-g"
586,"bvipbeJg","AgP-qaEN-mX","XV43b,mffF7@CnQeL4L Jy8aOl","NGeGY4CIpCIucRp"
587,"daizh","CA6RM dX","G63QXjuPJJHihja8BJmwIls","ekEXX6I5,JGFA1HGVxZCQ9r,lC"
588,"OVNx20u","Ed Nf'ca","HGzvT6J1LHH8gXo2N0VLQYszl","PnFGtp14x"
589,"p-yB5Ar","4YeXZikW","0-bAmB,ap8'9GLcabiQ8tz","Sh0@sgTtAVJFzWexAOd"
590,"ShuMB","g6ot-U.Q60","SrhtQp48CGOP1BWhLDuD2BDFyiro","SpPy9XK.@nEYxKEZk22t 3WV"
591,"eV-1R.","-kxQB pg","xuuORDSExoO-32nNpS","CKeFCMRt"
592,"hZSJ2","1wKW0vYT","DKxC2gY p091sUAk.wVQcS9Q","r6SPjpH44G5"
593,"IIVrtD","egwS","'Bb1ad8kEl7nFe'S",",jZbKLm9rnu.f-kc"
594,"tm'9BuMr","s3T7bVI3","YV4crmO2IB@udGl-SmhZ4","RDWQ7NE' '2'6SpD4089hoDj"
595,"72DuCw","Hd'Rw,","1vS7Qfa39pClkrwOhK6OL","06GOij yjbZZQ3"
596,"c' x.","a10BAFEP","kGw48WuV1WPfnobD,4f","PMYD0ZlXHpfsq1E@cZoevg,3AhB4qZ"
597,".,i2","GMrQzaFK"," NQsfk13-CS-APNf","7@BF0ZbaJZB2w,7augaD@tXA1yci3J"
598,"j7LoOo","8Do@p","iskC'z90Sn PF87Fw","rcCfrAv6LuwpZrdq5"
599,"4P.CMX","QdGHq","kL1OqXwr1j,hndv8bKI0,zg","V5DmZj56S9"
600,"fnF","CeGL22N","ATO9PpXvwzij5lSzRt1w.TSgkR","Mc8zEqygkKMGLbp"
601,"RG0uE","30ebPnIX","boJsJ2ps8D@aD3MDJt@GjI","xdcSlEvrJiBqBD'XxhChYt78W"
602,"I5'sC","bgOMjGFQ",".slDS2'LIpTagO1n","d10@H4U3@KoKIQkmZ3jznMExt5Yo"
603,"Z i'H9Q","3fzAV.LV","b'UN jIuYLxIbiDZisTk-NYw","EAofLtPHXobR0QF"
604,"YeCWtR","tS wby","TgZKp7F91UC8O-q3zt","PszM3yTiPA0q'7JUUopP2r2Fy3"
605,"Ahscnh","dg1bHMP","yLOj@QhlAQNYDBurrP1a3.hk","iSICDIBLoa-mqGMR39"
606,"ARpu ","L,Y9k ","d.LWy1rUTzNXb3lDaHk","BofREIrrxn@@6"
607,"8-'Ifzn","l1uyEBFB","'b-fFrFIxn@6Dx'wlu'XTM","UaqsOpa3mFr1GQPQ3OufsII'Al5J"
608,"-F7jdx",".5TGh.","Q7eeDdodrpsCvDSQ3yop","h1z-duwP-WGx0ivyQcu,MPjJkr"
609,"pydEja","09UzBG","bqi1k9z 0fO@y3oMGRs'R3DWwtnL5","Q47'TEe s2uEs"
610,"4itSW","Yg .Gd'","DkLrjAx0zQkcVQiCYWi,7yc97m.S","9JdRuQJ95j"
611,"@qPsGbTNbZ","n8Td2RE"," ToRVqJgjaHQXx@-t'","zI,.rbHZFPxyqMH"
612,"ivATA8","rWQbTFQ'","yd2B8yrPpLxTLPJ iFUC0B1","tgVYQx0yS3d9sRJ"
613,"@'GDZaZ","15qhfm51","H6fl1fnYH9.c@7  U-0Bs1arLIbo","KBBhVVd4@cGwUeRmZWOLT-TQtF"
614,"Kg2.WvhYQ","E@7Ht2","p-RcA'3BErbo5UV7Fbum","@iOlEndIXP1'.tnh"
615,"TBE1","xYEsdYAg'","3COkY1fU 3HnQsZZPlH.bD0,","P,,REBf,biH'"
616,"VLQ,L","akbOwPigP,","Q.lR5w8HBY5269-hR7E-cs","4mL74RTXyl8NVHiEx6SDoCcfo.C@ZM"
617,"bE-DW","qG5'pU P5","Wspu-aYuY7iIDsg'LuN.DRk87",".cg-ThetiLEPL4hEZm"
618,"2yQq","qad5IJ","WcdSX6FJypRhzZs3R","gw30hJK@SaQ"
619,"xFC.F4i","A rUWHI,K","DQS60SBX-L HRFWXl,lZ","Ed9Do6EEd5GrMlB"
620,",S5tt9E","5idNWHckuG","Fz'Ex06cknmh5SMKfW,6O97i","UqHyfT9hwyKm1a4,i9W.BHSJB"
621,"lOUpLhvb","R@QR0NY","1nZxmxSPJGEHsvw8po5","Keo9ynpIqH3DTtzd"
622,"HD9TO","ENn.k@","yol'6,ZpN8xnyvHgBxbiY","ZucB6IJ5pq"
623,"Fi3QfW","kMy'5oum","7szbjztnLV2sh4LcLOJQB3yWC","heF1HCfxyrOHSzOvdHYn5@8Szn8c7"
624,"Q@H ","GOy81aFYt","ZZz6JsuPKqQo65jB.5","Hq3OvfbM4FjXlDH98Qx92p5"
625,"5NWlb-","fa1lAcE","oyt4UZZ'dJJO'NHPsioJCcDm","qUoNQrgL43GhcERuQEawsU"
626,"j1Ergn","ynT9qGf-dtn"," SwRapi8qPiBfrV1G5gFHFIW'af6","9oL.@W--z"
627,"0.9QVL-","66ur","@0nNTWwcKh@q.r@","K1C-R,i6odnM"
628,"ph sR2","L4xDvO","jgFwC-zcS3.XiOrqtnUOXDN","8EEEKGV.V8CJ"
629,"HD9TO","2w7gBrl","@j0g5R7FTLMUyKX. W","T8Zo49txgUfSoQIMhdYB,cd"
630,"u.sJA","k,O6MmgSbY","nxIvnglXTMVWNncQuq4o","M-g4mQc5V "
631,"'uiJuJy","@U83w","UpMMfOrqyOGLhZg","rj3Zr-@839y'e4xX4"
632,"vGVFRprTW","qQGWZ@k","tggVuM  K9lVgbm","82GaeEP6l YW"
633,"y1w4","pz2j5lwso","pb w9-ODst'Y8bL5MGJ949y2U","l tjF-zoqYyureSslpW5P'-"
634,"vqE Ox","5 W3bV9","fK3usHP2rf1CGykNrW31","PqqtZ-i8w6gYkFoMJCviri0gL6yENsK"
635,"tv8dT","oCsot,8LV","pd8SR Llqg6W',No3mI6Xp","b-YR.@LLd"
636,"tsK8-T4v","0x0nd4DQi","cCZwQ DYlVAabU 'I9mgrkVG 1","j89qeI7HDu7f67 aQH548IpkR"
637,"Ya5,ks'."," 16yF","1Lsobb-mp6cW01rH","WHIpAcxxahr"
638,"zr0.k1v","eJbGnIK","8hpx0B97jFAuDVBHFJbyS","pD9eOpjK89WYPAa1pSoP@GkLa9"
639,".fn9H","Z2JGL"," pzYq22GaXSSObG7G.coDRF","IRBmtGLq"
640,"C96lbU","Zw.rbF4,","SWeYQnsdGc1bYQ@b8g@eGt"," MEwXLtRt9prhGKM"
641,"RZx D","ONksDf2O","AyZZnm,q'hIj8LjjMTHPhn","oFwo0Oe1IW@o3kbs"
642," 7uI","3L.xStb","oBL84h@QPgVjoJh9wyX,aaOCS","kqX,axXhQc7QQ,IffUT0zMLswtS"
643,"07-Nua","LP7z1sS9eRY ","F0QBkK@8q9VKAN-dwVl.wjuS,","G.B b 5jnqCT "
644,"fNboY","j6xlY","Yr5lN,3cTIHqnL.d","iBGwkC7aZTJTN"
645,"B4O","b KIgRS","0O'Z.FLKmu0TZhGR.AzK","7-xqjcvDCfV.Ou-"
646,"iTeEHp",",6Wdt'm","DiDE ylTsriLxQtrbSFdsxw75e","x8gu2HYDeanj VpJzCYRjQVu,1"
647,"Gr9kz","uvYFnDCU","Mn3V'paaGav'9GrpNwK.t3Vd","LW3ewgb'M@w"
648,"'9ykBi","Hb'M.l","bOeRECyLu 1ms2XxbSJ.r","ktxtHsv-xJgfE0FBNUqRBBl 7YU61s"
649,"gx-Lm","nHAz4o4","@hn5wd@jKVM8MlmJIlF'oql3d","IIblb2I"
650,"OzQrR6ji","227Im'USB","e QSGeRDDl@'3X6'wUMfczFxf-,'ZxI0","D5@AHRdI2B1.-5"
651,"wLULJC","jbNDjPuMZ@i","L3oEdAGrQ.hR2a-DnY38qr0Svggx","KCkPcOL EUJMv"
652,"qGR6SSO","zH@asHj","AJF,2VPkX6Nu,@3CF'K","mhJVTgd9ra4pBop"
653,"GHs","s816oTR","8v@rIJfLC z01N5 B","svBq@TkbSjknd"
654,"AJQ7I","Q80e","F,Bq3I1JhVOWd1C","QSCIKoQvhXaeqQ4sYYV2u9Vliji"
655,"pyIgn","AslK.F8","HDuemwrHhGbb.,OiSx8UCu1","NmZ99tdMfnpaYczI"
656,"g1Lx-","-NTDikAzN","'ntrz3sq6D9G0k@5Z,MlAGLkjUa","rJ6IomqeO3gK 2de"
657,"d2wdL4","8,elxUIZ2","EA6RhOGp@rq5CleX'jn'Wm","2OMRhyyNb"
658,"0VF2J","@@wGYQ- ","xkRlVHwS5VSRG@Bj.iIipfF S","SVg.CoKe2fQCwkY5mMk"
659,"weZWZUFJF","sBhr","0YT0ZygRlH@2QpZcoc.B","Ay,UiuJ2OCczMiEg"
660,"'J2.DgF","@Vh1UQIk","pjc-@BVD44yQWQ3wuCG9IpATr52","kqZyykiIJ@R1"
661,".73cJp","5CY5O","CN3KL@BM2xV@f.v C.GA","i3'pZP3u1OJ.fj0rsObolm-fqE"
662,"y,3J63","OwkrzvF4G84n",".QFeJ6ULLN6En75zwiarR3u","kM1RWnT3ctYnshmh"
663,"bOw8XGItM","0'F8WXf","rzDlIiajqSj8UJPcYvYI","qX'd5KYxTfluAjrOyK"
664,"DbK4i-Txu","m14DCAT","Xb@Xga7I9J4uJEIo0uQ N","ljS,h4fCC@"
665,"UhOS5f","oBLp2TVB","tXMgFfGd24ljme,DfPR'Mn'aDv","l6BqWk1JKWNpc.BrVm-8mbhq1Y.Y"
666,"8YMj","qnUwRUTo",",uO.hdf FxjiKcDGCC3-L","So5UX3A'tMGfM"
667,"VGoYAt","@WnPUvccF","pbbQFLFG'LHe'1U2VUje0hiA","JMf TeioB5rRZWnVSAeMnoGeiBvfffp"
668,"V08YI","cpfz6Sc","z4Yf9twvr3El2Xzg7wiA1t","NiTH56ftLoRBAR,,vOppq.0"
669,"t4Kl-9Ve","9IpBVGp","dN HDvvu9n5RXHyoi'ZO4","ueM7NRyMGvdinb.g"
670,"MbNkSm","f4ApiwJ","5-wyRxlIEkug6jpEfoy2","bKKGvQVWyBRBMbhMZf'RX5B@iI"
671,"us7qvJse","'nE@biU","7XtgPiSRbHHc6bz3nro@Gu8","af1f't2Y'V4gWiqK"
672,"iNc7oD","cNVcoYSHpB","X6qe6dItOJF9x80.-F5S2J","tz9rSULS1Z3"
673,"-BqF","A53P6ai","m2vwT'cALGnKN6t04mWwxmTMz","czZgDtG0 Qn-8Q"
674,",NX vO ","Qo dAAJD","aO6Z1D18Va@XZqps.-7WU","MsTjSSqYzcUYTAr,"
675,"DX-","LiyNP..Zc","fKmNVRc9n,IiLApR3Yuc1","C1j ar@cv"
676,"wKCR","iIwjB92","DKHPZL-rWE2ZjkLVaKk8FV","'vRzUVk@IE5yRRo ."
677,"wLULJC","63s'g","hlWBT.hko.J5WBeMRuz@GUBJ","uSs2HqEgt"
678,"XfcNN","qeIjn","oFT110ETsy88g8HTiK","9rR7Kg.2i"
679,"VR88yW","@LJxWi","ui,1wcOdTfX2suYYxa@fR","bAoRxVdqs"
680,"kBgb8ztT","yf iB1","E5kCeK.h5,yhmlA2Z","u6PoWD s7kLX'-W9W418o-V8m86q7zFi-c"
681,"8@Bii9-yKl","K9P6e","QL0impnAS.O,TwgD2CfRHs","i8gxOqU'"
682,"j7Hg","CwDRp@H7","2,79Sj0nbJ,IDzgL0Fwc","2dA@8hnZ8'G"
683,"Zb'vIBr","jOHLRd","OpUwKjNJ9N4cIpCoJd","jloXeDMXDqNAU"
684,"cLCw","FGeVSl","1't7-Iq1iFjRcvbOcsy49TK'7jz2xfsc","WR6Frn031w0"
685,"Im8uG",",rVgx6C1","BA9,DrD'w9glAWtt wf'zTcsG","Keo9ynpIqH3DTtzd"
686,"yCWm","Wj,f","kLdQ5h0uroOnXKa'drJH","wamhiJ-lbuYWVVC4q6QSCRX9hokJb7bLK"
687,"Tx,","f.2UVuL","9nvkncM vIHyWyYaVr,Hvq1U","19OHwQepzLjG3"
688,"gTx0","ii3I0d","w5Xey6fF0ob50sghttO6ng","mv5B1hsY01'dRk.-"
689,"aNrQ","A0Zuzy","vN4j7z aO3eaWQ-nk21za1","giHF8Fl15-t,MdSqhgW,7eH,1SWI"
690,"QS 0K","ED46Awq","873bG3f2,IAfD1GqLq1x","iivgC0RU8K.-yf3@"
691,"Q3K","E4.rbEeK","Ls1zHpAvjW396D l8iNgT","-v0SdS9qZ-BrIiN"
692,"cv5A@","uJ8'D","sxThOOCnU4CZpuTLV","0vVJ6VL4"
693,"brUyIYN","1fzFQ1qg","KMec8 RJbtT.'l8z OeC","fTLht08gOsqFAPXG"
694,"Dn48B@Y","eQMya",".7n,Z7um1,C2J918GipX8u","1-4Dc-OJciTOek0vHSYBh9sGRp9.Y"
695,"Vvo7fKBP","zGbRq0q6A.","9NYevzygs6.8L2U,o,uWZ3V2ZDzMxQmAt","lRe'DT4M9"
696,"zboan","TUNgFSnEQYY1J",",3q4U5yJ0cZuW0A23 T3I1ttQrs6Fgs","gTA3YPf.pb3,Z."
697,"ehHZcP","XXbV5e@ki2Av","Jr1cF@ @abZg3g5uuMgrF1F","9llxvJ9D3q"
698,"yOsZ7166","5VvacT'","tkElDdbhm334vqSANGkAUOMN,FPjMetK6","-v0SdS9qZ-BrIiN"
699,"WN'NS'2E","QicPY","0Mv'-g14GuU5jyk7E'v","-EPsdhjKQ'mW-h"
700,"vG@70d","xl940xmJ8vD","1FXiJ,@TiQjcz.Xoo36M-Y7xJ","bQi PW1DKd0YZ"
701,"PFS8","vsnNlKzm","K@AY5hUOx5pImUVu21oxEvjX05Fnr","7 GY5NSjAofuvqTY-"
702,"zhLe,","NyGgftp","Yts1EOtFowZccXIOSBGPTiKHc","'TLuvVISRFNt"
703,"eJ0ECH3Y-","PswUXK","'7cB1f5PAFTM faP1NcpgAf","8XBcjQcbDy7W1'HnQLEg-5dS"
704,"9oe5MwG","0BApbS","tgMJLcbmPQTPLqME'2","SE9o 24EBWP27B"
705,"IVtUEX","5zeIPh78","ynCAA2T6AwAxxfwHy5N","PZY1SfN w@-"
706,"oMVG.","1QFIqpQ","V Og8z5,uq01e5GJL9l4l","bm1J t-A6@p8uY"
707,"NLS@tu B","K4M Hk","sZKW0QeMaccrm'kuz","aIHEXtngf,x5Qh78gjcH'Gy"
708,"tCWHXDk","B7heC,","TbVQMI69KX'Jt ITwTu0","tDHeC-80"
709,"4yKAs","NzOp2W","-VJ7x@cCvL793yHf E","SjsC CFq6r64rCkc"
710,"3onP4mt","VDJ6rMA3","XtR Icj'QdAeXVn7F24yC,Yfw@C0","Bg7ILCERi2AyS9P"
711,"1vl41","zp'gLF","y1gUUy1OSdpq7qS,io2FTJp3Z","goLnVJLSDMCfq 7"
712,"umdUh","KdvA7","xxdlYm8DqvglvN8g","-.793aU7'BjZPr4"
713,"J.h-@","'1tX,VHH","qD34xPBmk8VaZkep RaF9r","0ESvS9uGb0mbRrw5a@Rt5aI8J"
714,"p-sL1","32tyTg","h.nY2-o7CouqqHyese","F Ct5TW@e4"
715,"CRo","1vvh,pw","yUnES5TZu4BvcbYmjKDf26UT","b6jY'0zrZxNhagps ZwPNRSx84FW"
716,"tA4IuG","YCUifZB","KlJ iv4srT6KuFS2YID0Q0.dM","BI6nmrgb7@a'IU"
717,"ntrg","vX6KW","5Ti9qXP64ZqdrKkiqB0a8","ZIMybOYVutIwjbuePAbpaQ4tnaKNF"
718,"YGYYGkK","xVRma","ab98vZd@,IcbJ@gwf44IIz","UoBJfuU8DZ cG65ig.0g-sp8r5CSDj"
719,"LBPcs","lVjtDt","OjuU5u6NbyEKLDQksfOhk4gIh","En EUO@-"
720,"u44mh",".JciEQCe"," EmvurlYT'5hFlTp8CUeSfj","ANyNhJRt5Ryrhz"
721,"Yg3Na","'xMrx2","fWTkhqcNjYxnJ1VwWnl.qT6w7","Hjnf69NWjyZ"
722,"VctHMc","iWi0ESgE","IoTicR.I-lGpA69kgVHhHTC7L","1cde70n'Xzv"
723,"DklG","gy2b","JFGD8nRvao8XWAicu","ITJ9g@aRDJ"
724,"C8Msf","F3a oZ",",thn3cl3klFr.,AoOKb3w","oCQMkfBh2,P"
725,"tSuthGjE","Bpf-N","LKtk2SYXS.WTKdaFDp","P9YDUytVC,ZJ'IrH9VVYWQxqmJV0kS"
726,"Hgbu6'C","Whny@","O,DRvPRMhhsflIh,jqkVm32hfNf@5ba","MbwhowjP6URi."
727,"KF58fN","Fh5","-bcfPO,iBN7KSs7cCbZrGEX1.8if8","wG8rVQJiDhr9o1QkHnbiX6.oQal2J"
728,"Zev IL","-dbxPB..","48kL@GrOci9J11JOEJ,","V'sXOn777qMb@KFu1Q2,fAXSqtlySUmZ"
729,"Rw2kvi","IP2sw","rk8sdAzrIx2iU Ee Ue","0HvSdLbDtM0s"
730,"nztA","IX3lIm'c","0niBvQhDsHdmwyIZJC@ah4a","ULu7f@zTscEONwW2Yf"
731," uark","YM-M8EciT","esoG8O.TpDL,ike8u.Pmgvr","lwss@8H--QCsOoTGN4o9xGnep4"
732,"DbdH4","7yW7b","9'@wsFS0,-wx2TvCy","K.u9,CsQhHvy.O5@@VU0'Mg"
733,"xOtdFm","9x0xpVQ","SC4BJNk8hx 9YWxd6@UA2YFn8GvKGL","anNkLuWhd6dbA6@g sjLYiqqRh"
734,"uJGr7","j35,ne3bYR","7bZc sAjr,BMSJdGmswVAZy1","auPenDxWLv6"
735,"n.4.",",KaZv","E1vUV'Ni9qs0Di.Ihz4xjRVD","m5W.gUgW xLx4"
736,"dRNr7EeaQ","a2Deuw",",DOG4KgIthDznwh4OE1Ef5F","E3IiXT.uSZmFVVEQ5BknNdJ"
737,"gxh.6Vp","ec2PPDFT","bnssZedXg8YwtfLGaSxq","NWddXe EsHVDO"
738,"IAlD",".omB4T","dW5MD0xcx0sjDE7gSsuLd,","hpA1lpS0v"
739,"JTprF","DajtRl2G","hiC4OAXiZDgE02CGCbVo8DZ-6","f1BV'myy6JUrz33Q"
740,"wbCEIo","GffPf","qKpxMV0'iup1vOpAc5","8,TE'FEJ@l50.XRpT'DZe0em"
741,"3bEdY1mV","xC8FoK","iIV-B7wM8fstEvAtWkJGs","bmz5,jePykdEgfv1@nxe3Cm"
742,"@Nzs@x","LLyMAHc","2WtFXJKVyBi5, Wn'uyVPuhA","gr-b59C8GiaemUCNpe3cLxDdo"
743,"CqRJ2 G3","io6wBkU","E61ERhf5UPQEo35a.gOYG","Zw,FonX444M'pVTo"
744,"Z95DO","LzkSGiL4jB",",fS5whLm0vHBVIajDlwSkiH","17BQFWmG7A5@7u-nJ9g8TDeN"
745,",VQ5","kaap-cp","3r,fYGJ@-8H8Y460FQJU1gAl"," OxYZfT92nvieP7cX PcnOWdddsQRU"
746,"gqVp","VAcWq26","dvpV@T2YtHiuz.n03VSa0wF,X","E'Tsd'vmt"
747,"R,ea","U8Lv3J","DQtmHtLCQlFDOPgm4r","cADhkjlNaqxW7ipU,rWu-E"
748,"tssJd","6yUGsn1o",".W5fFKlj52W -yIJgp"," -DEZv6fxB@'jn7l iSPsQNEP"
749,"pVZuRTTd","FsJntWID","Ol.dp0GUbLhY4uJYHYXq8","koguzT4iH'o"
750,"3@r65U","jMtbV3","RhhPuQ'1Z7Yi,mY0Ak","kfipsxcYfD0Q7L"
751,"bOw8XGItM","AZF,s","KJ7yLQziXDTEXpBI","R6j-KQ4@Ti cGmeG23N9o7.CNnY"
752,"JVUSCjG","ac 7EIj6u","O0HCev0JA'k-dCVB'wUXI5cOG","0fb9MFbaAMa054NUFk,@d@kHDq"
753,"VLhFk ","3fzAV.LV","Tx6czGRgFW8OZlmiuft","cJm3Qi@A9njtcx"
754,"kMjuLN","MjoA","Icqt-VmVz6MHQB7ujQw","MO QztDI lXfQbsNi0"
755,"k6cQbJ","PsRfpIH18","d9bAPPOePybSR4gwrx1cj7fmZnHY","6dzFmRRdyBOn.hN6cTG47"
756,"'AshMmv","7Rop1Nl","lPxG8gBafiVqteBoaWx3","HRG 9,t98nnB82jre"
757,"JIFMGhnu","'RqO8k","H''fYH-. iiyGRBou8XT","XrBPyb4fS4niva"
758,"yQkNtX",".nQpt-Ng0","hL..2wT@Py5qj uo1Vbu7","J'W'uhYve5rXuL91Z"
759,"gejZ-",".77J3'ui,x","ST9S3PDyWSjj0jTgKAp5Alg",".C7tT2KLlft3oOjs"
760,"Tl8dc","L1ckEnA"," JvcFmjdr.Q 4xmpavRs","stQii4Hxwyse"
761,"fNboY","pQBx,","LWyJkS JUc3Cefh@dpr-qDb","gb9g36TUNEk5v@jmLIaE5y"
762,"YnF7,D","2KHgsdj","D'kVbqw T903luPcH4fV6M6,c","lMc4d78N46VK"
763,"7SXGCj","-7Y,TO","cLaE-st,JB.Mi34fq","dONfUdODZF"
764,"Yfi1aH","P@em78","yb9lhlbY 5ZNAsVDFn","tCQWz8L klDH"
765,"lAcgfb4vo","sywIoOT"," LwpjR7WiiQF7jGfOyM5H,","Sf8WoMBzXO65U"
766,"m'Xz,Y","@YH32E8Agr.v","a'4ADz8v2xR6Dp.YfVmT22HnPqZk","irJLUVcfMbQ"
767,".YKs7","zB-UIt","5oJ3WjcEX@3MVTUV8JbR","JpfNFPWARQ.X2V.NnOs5"
768,"gKxUXN","NegAtn","nYVgK8LujNWQB7gLZuKYRn8p","X.3aU-w93h9miZVbZLoYqj1jm"
769,"HHf2G'2","NXrbg5wY5O","WF1RDXo64SftLrE-s@fjU r","GKTNZnQ-'DK"
770,"JQtREfv","XG9z0","hLmKgVxTjIRvo8PQRpM0HOw","neOixT KP7Z74u.JW-ov8hlJmA.ijFqZ6L"
771,"aTTeB","pbd93 D8GK","6YoFTXXQA2P3j.w59hw1sE4XA","Z2RiFiN2ED1Y3Q9jpoCoO3R3RPl9CnWp"
772,"uoipK","Za3ulKdU4","L@aFBNTr39eMEryq2FObcj","nVMCn,9FJ8 TlqQD'm8ZFIKXzu6ywL"
773,"4sPwCzE","5Q5PywL","Uwyy15G8gFGivkG-dT8hDYyuFD","4O3RtxRIbooPv',@SY-3rg5Wm@Z7xFZ"
774,"rV Do2","2UPAg2TGX","WF9li5m69TIin8LNO.XahkIL","7tIZBGrmJLeS8u54mBYVdxG4"
775,"yqp@3Vb","5JBdz25p","N.yHFlEXu8Az-LbZ-ImCQd'WYYD6y3rCe1","2nDHL KO6Yw1U38BSx9vfSlnC"
776,"aTvf9V","hBf1RKF","E0CtRBl 682fnFHf3I00"," Ac9A.41QjiYsI09PqfM1irku"
777,"HHf2G'2","ecpQKmFz","HBmbDBZP@Ri@DJYifGpa0r4","ZxjpRr6vHD-6dnk"
778,"sZaS5","VoJm","6kby,2@-r1u ePdZ4Ub6g","1N0RJfDjXB4bBgK-o"
779,"azfi8","a2l'zK","yt1pCZU7d3nRiujE.s","c39lNmO0wTUZsH7"
780,"-t0.IYa","WvB","IxP.3-MXefSIG8IhvLO"," eRu80JLlYGdj"
781,"B4O","cz6P","-QJgyN8Bgqqjt,yqUV.jA","5LuLDBCNnFI0PAF'0xzH08bv-Z0"
782,"44aq","O-o6U k5","C56bv0o7TaBna6ueuiRmQA5","OJ99gGNrqxpW.V"
783,"o-SLZ","h,8Ce6g9b2","FavpSJ4atsEkRwgTebyrHbfZ","p2W@rWUDmerEIE52h,P'Egfjbe2Mzt"
784,"Jj575eQ","uIoYpy","Ca00kL6ZnIfmR4lN57","aUc7@0uEkY9exhoGA-2"
785,"GzXOzSoi","YUzoSFjj","iyjMA4BWQOZkPwaNOmj2uMi","S0sbH3anXn"
786,"u,IRC","4gp8v.i84","X-SuxyuPxg,xWfEN4qxqr","YuZgW-.-9kVF"
787,"IyGSk","ZtdX-","i-DN2JI2FK4sdWfsI4D1uaaURr","-TDw 7aLILyNN"
788,"Uhzw","lUSLL","0QUPlFwX7wkn2Z5","oP@KQL,0sgXGu"
789,"TtT ","@8Jz51Yc","tw4q7zRWTNHtBpyzMDq3ByZ","iYAYExio8.DS"
790,"'zZMabK","7FH'vRi","lheqh4TVtgrfPZ.PsZWW cv","YhYjXhe8S"
791,"mSTaRpO"," qQcQHR","-5QWodFrpbnjy@LlaSKJ","t9-q.vGqo7RFRYGPZ-9HeF dF'"
792,"G8IEI","R4b'sw","AxIO3U,jwkmRULpx-mkXDaI3bT","p99B8Rpo4ekd"
793,"b94vD4LY","iq4hCC","ug1WGBn3U-cSaaiw'wSyzi","nivMqxTMbx-fw.5u,BgjQNJkg5,i"
794,"h@EUGk","dB'reFt","nlDUai3PnaX3 Zg37DX7'0","IEwBHGxJPtZrN-D"
795,"d954D7","P.ByPm","c83PL73U8MuQvvgL4NB3AM","g5Vo.Nd9H8fSY-n"
796,"RY7'cGR","1BdDGi1C","xamFZlbWFyfjH57uSTm6lOJdT7LOby","g9ZqASzzIkGmM"
797,"P0tsW","8PWs2Q","oMppRVUdmmF1Hsbns5","EvAxzxrLf9QyC2"
798,"D9uF8","-0MF1j","h4YGAuw9Tw2C66OS1@aPHOR","iN,xA2gzlOa9B"
799,"vmhxZAU","TbbPo","RJ,UQpcHqnYhnQg6p42",",eRJXWyC,WWs06g.0W.HfLN4Vz"
800,"Vu5IV7Q","ZKnKJt8kAOy","47xuwisN7meVXDpYRicfKK","cDs7CI7O0kosPIuJ"
801,"DoWcmen1z","gxnGo","YtTd@l.6tvEwoiC-QkwUPkvX0S","3AEAawoj."
802,"4.Lx'","e5mE@S","LgbDsxQ5rvqwNqjfwV1,ZH4","OybaduVCxPdUrrt"
803,"oNJCZzi5","rlsNWl","w7G944fRIK8DIf'4t","8wANjc3B2AqAPpN1Pp65-RLP1bw1sgK5"
804,"BBEa2"," 0WN","BP7OdcDV,js2IyYG9","ZNbSfGhoz2m"
805,"usL4W","wFz@5Ara","v-3MsaogaGEk-KyP-REGRm","fA-Ca.fBQK2LDhkAM8.bsH6Hx0"
806,"DyRg6O,a","Rp.Hz","dSpoNoAASWKM@Wq4Gb6","zcF WMwUfaUU2 3vAo-1pR-1xi@iO8"
807,"Lcht","@8t.OO","qSfWcUrkPJto@n-2WfddJ ,s","A@u.s.Sq.HUt "
808,"mOi",",yHc","ti4VZIHIS1wF3WPxz","-3BSeurXDBUQsCY BLAsocioNdmn0oyn"
809,"B'ESs","qIjv9WS","jnh1noB-p r a6Fz9vyVg'aozi","w rofJOFqGjMM..0o"
810,"YnF7,D","9aRUs","uyOB0ViP3tIhT2Jqf","RzldfGSWZBE2'eIPCzhIC''PzZ-6J"
811,"MGwDoECn","7WWE5R","u@,MBmA03r.HyAWXp8s8Z","d0obr'3w3GkmW@A"
812,"c5DGjw.","W.nWuLhGu","Ra6sH-DlIHIj.KThMSZY5a","LYeSQxaw1jKIe"
813,"noS GX","qv2Mu8",",lQIGJq-Mtxds4.d0gNnrxb9","5eEX5HFZLw"
814,"S,HM","eISw","EiP3jcg5CM6sw9YEakl26F","g49iGEmqfILAqS1"
815,"LhmV2BQ","M2kRBl","oe7AcUdJrEqFOmXw5JR","kPhxuUb39d"
816,"Etr'","xJ w6gGJ","x4QArAS@f9rYvvrYBdG ","Fkj,ja1mv38A 4Ykv4dgo-Guw"
817,"m0FJoe","mY. Va","MxT5LKk@FKbIz,Bl,9gXpXQVxqe","jA-.g.q18f5y"
818," z jCg","W'-rvk","C7LS45 C dh,H'o,@7","k4,FZI'Wwy1AQ.EMP'2-irSD5"
819,"i'Ak","g6ot-U.Q60","F p.EcW rvKTIaVuTlyo,","5y2zm,5iWoPtG5MW"
820,"6jL9K","sg.9S8k"," IzypoiK'3s61WGj5cpDzyrzNcj","MY1uZ 53gAVQpNhSB798pejN.,WwHB"
821,"OG-GBPU","EEh6AQ","gjS@ZTCh5S0kFxKcIbY","rTYdPHED-Ew8 "
822,"skrGX","Zn-6oMn","TN3P7aSfl'hg4gS9Vk1N@","AA5Dcn ma0N.11ZX"
823,"DoWcmen1z","idrDtR0","Y2r2RJPpHEHjC5Gp03O","jd-ZoXRWXH6T W"
824,"Y4Ry","fI8@RZ","s1q@yqBc7DnzzlbOuOXNFxF","91qokkDdkMEQU"
825,"stqes","jfyjIxfK","0X05M'18.eSLYrQQWaxD7","CUI8XhVQfUV"
826,"u-5SORO","vJEnG","A9IQBE1uM6,SnrzeZ","HLY1Qure5oVab4sWkwzzE6TS"
827,"YPyf","3xBd.","qCc9.-ljHbpK4LDYCvfa","nmHby-y1D9Xi"
828,"3qEu@m","ed5WtOX","NL1upC,qgi17l-C2PXJ20IW3","M7hL42n-p76Q'C"
829,"dGu4Na45c","zmKuMHN","ZJ9QuwMNmBgAdQ7EHGppwU"," 0ozSp GLXCRMj"
830,"XbeT9H","EJHocyT","88SYzRnQYnB4o3z1BL","GWW6wgKWx-"
831,"dtaJH'","SHC46F","Rc25P@efOHeZbn T6idF","oP7f9VsLDUGhm"
832,"qdePAn","u3BL8","-KE EKMce5Z2l43'LeQrO37","K6K,DZc5O"
833,"t-hKsOth","CTrW'","uQGFOmiv1J9hQAj","T'Uioj1PGv-"
834,"0, OrUB","cTfsqvq7CejQ","uhyc-S5Wh.jU.m94uk4DIrhc","nmHby-y1D9Xi"
835,"6QZD","nDk.@GRm","oAgz2D'IfT02PlJQfkENZ",",6zarqmEnlUB8WkT9Q'yyCT5Mkiuo"
836,"gyLTMVy","1VgqLoT","az.8Zn1GyH1rbZWAyB","Fuhya.g9DJtncCebArD9u.Kbpl0"
837,"k7SXxyh","YSrlGn9p","UiLN60Gp-AXItrUAdBma","-AQWadv.2 e"
838,"4f,Un,lo","xB'9 Mk","q5P5LU9j8tpZhu@V76O3z2gDWOG","df0CE P7Y1YD"
839,"CLsF-d","WN7D7Y","PNcMmr8,N6T9cJ1Ofh","MR@v@2w18LqlMWPAx'gT5@"
840,"kl5d,xaIK","x1otF7","Tgpi3hYhlyAYx25Ss","QKoDy9vK-,Wd"
841,"cz01zPav","pQG.u5AJ","tZbE2pA5x-zJI,d.hwOo","JRQu5RngZxum9"
842,"M4R6","7rs7r-3","@J5E1Vyld4GJhDSVpE","rb.oX2K,xn0OLN"
843,"b,2WL'","AFHbG''","w1-GP8cTaJl'5DGtYk","viALzPQg7DomNd4Cj3f1@ub"
844,"0OAqUN","rH6Q3","2RU@8MSePKS-@zdixc4"," lKoIMbD@vmC9gWeQfcrcdjvMto1q"
845,"hMRpxP2","wNmKOh'","Vq',PJ.G3kp,H2OnxT2vsMm4OT","qN,,KJo6"
846,"J6W E.","d2wdL4","GP2k9Rxk5O1C9sR.WC6vij","qIn2IJFoSD'ez"
847,"''kOO6M","dqQcMrRj","F176Ii .'NZY38lwsRvMGxSlEsolz","oeb5Fgdib.krFrO"
848,"Bit9KZ","EEw-p","qsPv2nlLceMr-JPXpF","cJvt71.i0pNGykUudM6'ucDirjYXhKVD "
849,"9jcy7Zh","0mld3.F","9o1wxDng5W.JeV7C1I,GinZ.","3EpypJtO JcLU"
850,"6xhcHB","Tnj0MDj","3eNQZi8aVXRttDIzpCWyz fOHS","cL.72lyezdBCqc"
851,"-e,-R","hL'NK3","XcVM.fMQeIKzw5OT66FG.","5VG-o5VkvkFAR1Fln"
852,"p,iQv","x2ELi6lGJ","8ul@XVntamkLMvW5jZgEOB0-,Tu4","4o1LjUnM5RZ6pLTCFED1E Ts2"
853,"DXLP","3Lm8a2G","ElhoQv8XGk46klwoQZRI","x5VOKM8VbzthQZ.K@bvMX74e,tnBcds"
854,"6'2SSvPw","AUCcelL@9b","CTCRY9g0Zvpsgg3,V.9w0","a,i6D-uNkhYZv0"
855,"tMNKAnW","gSde","'wJbL,O8MEJ'V-q9PT6a","GSH'exK969GwWS.SaS@iBNx06-LJzoL"
856,"07-Nua","FyAfmv0qsg7","9XvI5Y9 QGMSxo'UGzoH9Yp","ovmaoMSrGxpnm1J7f4h9@'qSTZL"
857,"ftlFyCT","B351pIH-R4","GQBTa0j @,OyFsTb9ipb5-A","knb'2DW7Q',GCOCL2KLry-blkfvgs"
858,"JTK5J","1ILlH","OqLUjg7Y2TG8t3xikzL7 dK","wRQXTU-fgyVF"
859,"02ia,eP","028P8c","tW4YfwVXHuG30RYKR"," S9 1C7d"
860,"BUGQW","uQ-Yu","dXyg',Q E g9 JOOYzF4t6o0",".61l1aPmWshJ7jBk'nH3X3"
861,"9cEz0","UZM2.8M","5ev.Evx'd81XwFlDfg","tidO57dMMTHB5"
862,"rF-C","sM-3 KLpkr-","R@AkB2BrLUhShpYxC'aGxUr5qFX","29X18qC b3gUA.D69-GqX0D4vuYF1lL4F"
863,"rK-vU","OXSwYhHxHp","PTDfbhd-NwMnA6r05kwcm'VhV","9aS'xAhqfvgv"
864,"eC3NI","BhbGg2L","cOsVec7tabVIFBoSZ-n78","MO@6'dj IEd1UwIT"
865,"bI9h4","jBDMWB03","Y,hAHGgBjl@b@Tq '7c","h1p1XgaCWc2X"
866,"P7WI","4dgnbD","rJb.pK,mTlsBKqK6K93","vg4@z- whw "
867,"dDIL.","Qq9W","F,Ck7kJQrFHr37CaP","sO8TfIbQwWtT7wI"
868,"dMuK4@","'4H17P","v4WCOYfU2BXkoMeItz5 a1Ur7c","1iJ,42br2Q7JENCoQUfxAF'2tGb"
869,"Gkkf","wNe9xRuaHg",".rWv,u4CacvZ-v8fj'EhHyh","IiTYu EqW"
870,"0@P","pPr-y,ZyV","af@H.Jg.DQ1td'9cPjsgg6U",".32cjQJjqyxsAfEDd,y0Bw0fO"
871,"zlZhqs","c0IS","6Sn7fIN@Cdn4e P'YWe","B2yBH57Jx'DUudWdIrQ'-dXChW7IIYfx4B"
872,"eMlzk t","3efo@h1","rNjmL-UE5aQyE3EDvsd.2yr","k 44,G0hV- C5VVz B YCQBy@"
873,"azRp8Al","vX7rfag","@r09W6avmMvLjQ40zmdPx"," LNqaxLXAnaUdL"
874,"pFXCRP","Kr2IlPc","B@ZAg@ ZLzLpN1lf","7TTKoq9-590WiP"
875,"mvhjdN","LOFG8razDK","@v'fb3 vVgJ7U9M3CYUv,y.","Fp.yCvciVs'S,PI"
876,"'zKIS.@","SkPSTVI9S","sdShXjx096N3EGa flOS15SIJ","8op8DH'-jl,LlK9WfZVDkYWoE"
877,"zKnX","jbpsR","tQvGZdu'l3,o9rxtUgY3of9W","EVV66Lk "
878,"85@OqFlX","qh8IKqE","2nu v7Z.VoMJlIkx'O","@fge0hfuGT"
879,"63WDLju",".6u,-","XVQm4EuSbgY65wtP","KGayHxq61H6l"
880,"Nj4ZK","btVKdP'.bO","F5 YWMxT.jcoQODzgZBRgiL","kL'Uz3N8N"
881,"oP5YXR","'@-cdWJf","rju zbw0LAy7ok J7hMLi7IP3,R","z.q,wfo9uM5vcLCJ5N8awUDZ-6QdZqm"
882,"YdWyv.h","EWtR'l.","AIazFRpHPifu86lmt4G","zLWq9sS4'gaH"
883,"dSu8U-Yq","PQoB2t","iSGYEB7RSxxTF@EV80Z8f","o@f1'CrsceR7z"
884,"NFydz","b@YGY",",fsn7dNH1GUn IBJw9u7yv7Od","DsU-pG'0y Idw9NXaZ-iU@4AHDD"
885,"KCC.PBB-9",".J-K","YYI3jTlFfRp45yJl1o'.5aG","1CzmtIjXInV7ixFje.lZ1Ll2p9HGN9"
886,"BBjRPH ","1UGdfFzS","UpPCuuPAJ vvZJgX,88Ea8M0LqvFCEjpO-","ukWql1YjYgfSp2beE"
887,"yGG4NvZ","mkrGhZOeUn","'z5zyfbzN1ERR@9jC3FH 5Z6","oM7kRdseKv9Pm VAA6n.SaX706"
888,"FLhVF","orREe","XAEpPizwHe,3OMl7","cPY,t-Xkn2WqW"
889,"sI 034","ZnqKo","FM06mbCaJcwyJlXb6-0","dqh0OQmIvVu eV5d"
890,"30z00IbT-","EtlqqsA","9KW8Jky3dM nZy4m6XF'.@","n16 0@qbUUJ"
891,"clPnx6","t2vLTph","Ipqvb9uBE-vRJwl@eJEv2sVE","ccvOyIFiEfG44g8mTR9YKcPMH,NI1"
892,"FaB3vb","Q9v0B.","XZQNuRfT,mVUkVKv","XmEBCAPTjJ@o7KtnVpCUFtj'Ez9yElk"
893,"qSfPZfk","kEfmQbX","@GI-mLeK16S@uVO sVeXv","IgUqRzIThF-drY@K2"
894,"awMX","@VHJ4ruC","3NBZVqn99rY8KdbcWDLmOX","1IDxb2QHZEC51y08'VYrlxj"
895,"j6Zs","@WUB7z3","o5lSKB- PMJZEq7OHPRjGEU","25IYKD5h6rIx76vq- q7N89WpJ0ub2c"
896,"XgTOL2x","1fPypEd","RSWYHKznM2'd.A- vmoT,"," wU0u8frw1Evuj8wuQkmQswiC@M"
897,"644KMn","bMbR-i5","ox9T6WAQZ2F2GjYvaWykz2dqo7ZERI","nnt7uEFF-OW"
898,"ALvdc","BwewO","LOV6BhyORwg,aUwrZ","pkEGTuu7MneIfdnvsdd1Tf@5Jzz"
899,"SFHD9","a rmjMR","YYZ4',26'jE4DDvb.,f8e4CGoquaT","62lzxYQy8gn"
900,"i1ego","8'21K -I8","Cxd7tT9byTVIysk,MHIZNt","2Ni-SN7cpM4fiVsA44"
901,"x7q2tV","Jgafje9v","gBPSLrPNyh.hhZZdV","rP98Uazq-OREIwv9,eVpiCxQqp"
902,"'tWUs","D.Bt D7","C0@8 9x7L7cdNRTeEEB-m","0mzvHB4h.EnlkBg5cVwcfmwNcx"
903,"2eikKx ","B6w,Sh2Fgs","sF8ptvWmjW9EGBudKDQmX,qbw,UNN","8vQYoPQP626"
904,"mQgi@Y","n q3Hj@x","gEA7zFsL Cc@amOidd","FLhS@-gU5DJBs,DTR'M C.W-f.JZe"
905,"wUQCk","BTbb.MF","vnhtS7l.CXYpJl4vijpiciS","m7h7tyWbZWiJpBQ"
906,"a'wVR",".hu7@","4ljUVtYG0DEjW2PhD1","IANyM8Lv.9YMoQa"
907,"iz7FY8","me dOX","1nCi4pPn5vljmYHSoL17YG","tIYyWs-sWLd.h"
908,"LWhii","92tWiWv1","R-nL Aq7kaw8Y ru23DiN ","RcALyOgJva5"
909,"L2KL ","qYtmY8a7","5OchQrad GIa7CwzXuwlRmM","9iftuSp1SZbd"
910,"CdrywC","ongnwzH","DcuGuyvbORMCAV,d'X2AoxFD","d Ekb cj84"
911,".T1Qm,DkX","XQGFmYF","YkyPhSyOpD.6NFc28M4DQKEKQ","7CP69u8PLD"
912,"-uE4F7h","Tni1pF","ej-f4dSq1V4szhJYI23xTo,aJY","FOQzmBELZfDY.T"
913,"BLUKbWh5x","buAY9u","EBi,kXCeBodCXy0s13Zo0TLJ5gB","efWu6Yr9m CMZHM  1  K1N"
914,"TyeK3WY","YYJDgkQ7Wg","yxVMM i6PJzK8A4ZzcuQb","5tlvMmBmv@rM2BqjtH1MjYeJT9g"
915,"4'D,,","okYOBlI@","--drqRLY,bmyY0pkprOlr'ju","bX jSWv@oj"
916,"@iyFI","4pK6","gFFBPZZysF7df1rVUJ3DF","rXcv0LfVT2-n"
917,"@vuSh","LaIv8FG5L,","@@FMi4q4t.d'CVagqy 5ahUGM","Nl4xTeT6A6l"
918,"H8",".xFd12","GH6eoyLN1GodOcnJd9YRS9b","Wr2U@8WxEphiRe.hZ8R2"
919,"Z65in1g"," 71wQ","MGQs@7pK1NWp-,-8 s0z","aVbO1F-DrJzQPHgba,ZN ZG2"
920,"UdaYUBl@","oehpa9h9","3aIBvKp58JzGstj@O'i","'t'Nqf2Ho2g"
921,"tT@RH","UDASnFZh","GzzFgwIXgY-sQLpGhc8CH","YeXXle727jgV4-'"
922,"d.ibO",".C,dqo","2hlFRcRTaK4QW8'O04dA","'@3XQaCAs'YcBX483s1za9nTz"
923,"TQzM","ngidUL","l.-F1qtdIx,qH1-TDE0rVyaq","TilVK'VJPbUWh5EX"
924,"1d0t","x 64gnJ","NHGEj8zvmPcF9Lf.04Nfn","wI0Z.eI@qmPd96VgmMY6u4Fr5OfYND"
925,"Kp aL","J-hXrf'Ppd","w@FN50n5AGGkURlI4j6iyFx10J","E0N4z98XLlxQK,tjmkhyq8kz"
926,"Or I5w",".C1Qrz","U6Wod'fOEpPt.jfpE.3","Fvgdj6ewYrHHhoSE14Y"
927,"hv0n5","un,l",",dKQ54To7G4bkjSEfKt","uf7'jL mU, 525n.a,J6xgxfnQ-"
928,"@J3-XP","xcNz62k@tz7x","MBZVzmIZAdR' dw7iw3eBDJZ-Abf1","v.OsJjeLH0O6J8dtfaHFE8.@dNLxS"
929,"c24Mj","qv2Mu8","j3dWqUzeLPvXK2LHe","ih@eDE-NlR7G3A0@l1aXxwfKZCG"
930,"MrY1Lf","4De'5Nw'h","k13aRllXQOvtdUSRGjdfFyv'hGGkq","vWW  2t@s.Fe"
931," ba2DN2nl","4SXTKUIL","nfkZ1tRwR.Xe3UsM.Ga3zXTBzf","yodqJ,3eZRbGJzS'xpF-ErHImBWmx"
932,"qtp,A","1n@xidP","2rwlT 2RFWj.la'd@C","EmWYTYo bgau8A"
933," m9n x6","DrItW6nI,","qtO-,@RbHC,Vc7 eU6f7s","c.Dk6eI1LOFq'R3YMeNlk6ZoE"
934,"RmS@oHj","Lo8R5pM","sXnVpVmQVP6K09-V.fT'NdHH","zGg6J13jyP0SHSg"
935,"6uUOb","O9vztsk'6","Si.4Rq1dPnemvv9um98cq","Yr nQWhfxax8PT"
936,"W4uQz4j","vp5TP2","6QqyAGFwXin@FwF738-E","XDL6nUEOrbz"
937,"089q","Vq@U p.2","VEWsFEx2@0FdEZwkPDK'a",",7x,ma8vIc6cz,XhpiiF4e6l7K1pW"
938,"Wtsmu7IG","ueW8Tq","aa4L4XW5e r8cdpvrE","LoQM4KIjFg-I94,InthcX,'oS"
939,"j9g0R","TXIj"," .'157aYohCR9u01iRc86SE","KYHrNVvqD12B"
940,"HqHbDt2B","iC4c6-","3luyAy9t9PTfM7GLj1'i","0TrP4xlrad"
941,"GvM@g'e","fzaDBF","yLWx,LnL-SD@12DCQGfxg'gq","-9eAmac9cung"
942,".W8zwzLCJ","iVUDUZ",".Vg95v3IrfGlMCJ3Era","eU9kRy0Ni2cy.T- 8"
943,"2UGmLV5xh","xNDqVf6i","P46uhSANmf0xEy-f04iQWE4B","idqv20nIIpzqGuvpP"
944,"KGvP5-","p3'k7","qpo.JpxwH8i4,cPCuo","2S4P hK,z4xrT@ aMMaU2.1sl"
945,"jp7CN","uznNDHx","D@0b8.,sN6b2HINLFL'e ","3oPLM2zx'PPKBs"
946,"pIucH","EMmSfSMtv","ubvn@0Jf0KGWpumarbXEUKqv2-CU.wBh","cHsumka2DQ3a. X"
947,"@zNxeDv","Z6'zi'W","tjpWAEZ.2fSniTFr.l ZBw1wX",",@dNDPGx92X TA.M1HxvOkv,3K,Z"
948,"6xHC75jW","xSd95EzwnYvn","9ySHydo8Ts B4Y'63zQoHdrH","EGJPPtki.7phTEZFO3Z2fOucDak"
949,"jIDFroP ","KabFM","a0.ruJik.41@M5DvBH","7g09u2Ojt7K0Jb"
950,"ivATA8","og5mcLw7G","Ls-hPApk6' 1tkdjXPleJRF","S9 WXJak,LBV@m"
951,"'G'ns3XRu1","CtXnierk","I0X-5XEpw42QsVaED1aRUZu0e","GKTNZnQ-'DK"
952,"G5lCVa0Ob","DFk.J7","enTDvCt6wlPH4hXC2LJzoxe","O9 agiQsh-ICc"
953,"MbNkSm","D2atZC","jrRV55'chcYlrdK'EbN9Lu","HR169D0nL"
954,"yYwn","ssNHRh7f","FlsZnTXHEMvcLzej.6bjQ","56.x6T00JR-vUrvblzFSn44fg"
955,"PzY-E","q4F5rUb","jjNYJ6jhI9,agcen4ab","mQ7B4E3VenRobU5'bgkBHJ78gZShzq4tAIK"
956," qVK4JvDh","HHf6PJlp","Auf,U,8RF5n0qbK3m0zq","hbhvNAEjws7"
957,"3oV ","PyVh'td8"," 8DFa'ZodLMtdBwAJwL'C","dg32nxeFCH9s,"
958,",PpVh","go@eKt7v","kaq78cHiJKxui'YRuq21mlF.f0tfgnkp","t7Vdg@HoVFHtYKh4O"
959,"1jIkwO","1dS791u0c","ldBzUWhUSvQ@jpo5pazLJkRp2gIV","C-ShexRA iRSGkkcJBB6tmH3v"
960,"Knt7Wm8hV","'D'K","MeLyw8hB,yh4wq@LvA","P80Fun'jyZMV'SBRGcLuSPrb122rIL"
961,"6rV3K","7ubC1.6","7NnfgQLRuI3sL@ l5wWn","TnFqe-'JGHs."
962,"h2hi","SS2BJjrBb","dpPE.U69.mwFcexd@xGM,Pf","DbZvlpR78xOC5JEi2"
963,"KmImJVYx","W1n5tbW","zo@4N1YQ9SVQM,qj96Mv",",q3LL@ohpHZ"
964,"qbRlo","AYqEHH","pYaugx0LkrjeujkuT'-4","lPiuYMgLlDxdNqdJKxP2yyE,H"
965,"I8 w9S","0Su'PS","bS'Oj8ObpZ9RjGp10VqYUMR3I","QIVlE2ZdqQDW"
966,"wiuK","j ,Oq5xNx","hLLHxQOfX- P'u8W9K''",".kawddIReqRCm@oTW3IbJ8m3tMf"
967,"Hyxq.Q","T@xND6FB","4QoaC4kqiFLar2FGuhIHd","Xl,ilCgjfyYZw@Jk0l"
968,"64hE","wDVSvuITdp","GWQYs-.j-z67G@3Z.nIw","jXY-jEdSW"
969,"Dr42FI","Q b4cY0","712uckrxtSTB9@PNsInvub","kUpDcCu-zGV"
970,"p.tsi","T@p5N@P","wwwp9kcGthjYYzqizgqt,t","2P9IFOejiR0SSR"
971,"HxkRsn","DDv,ju3C7","7rNaEpadpMWU6esBcLzt3xnX","d9 uDg.Jb v@Cg"
972,"mN7dU","ZXrip",",MYN6M2QX0WmHFEy","R9dmF.Y ZoI7g aKGVNVCyo8'y-8"
973,"EosM","j9AjrjP","@3pE5DKBaK eUc.LBmrM4","W.l7tgP6qitFoDp"
974,"OLSYv3","cCLvt,0","c8lsS0XZNz'AL3wXft9Q0k","n7C9N3vhUbMLk'v210Y9lKp"
975,"nUBAG2","6U'gz'","IYZc.eUbVGbd3j,B.bl","dEYYnv QI"
976,"YiEyR4","ArpSvG","c55vk@mQCuai6u8x,bf","d.ce49j bNJZrD.U "
977,"SHYKd-g","j'zin1AhE","62cs.sh3Vh9q@2sXvWPMNwv","N.Tu8cNIcd"
978,"rGr4.","pjN0JR","WfCNd.b3'f,lHbm'zgZ1eMz","tc5jRSO7CEw"
979,",34p","H1vJfn,,qH","Wm7MySXDFBWei' Q8IRyt84k","uxHtrqf'BMZ"
980,"IQDQ","nTn2S'D","OyobHpU,Tg-YELn0d8r.cU","wP-BQENfzG"
981,"@rMSlA","mObnv","3PQGBSL4hO4FC'r6j","0lw6OFQ8Zn9"
982,"C2fPvM","UPHE5ACda","C.qog4avO1y3FAfYaz4wcN2CV","uALuaemf7RtrG,ZqxZrrelaxq"
983,"ns4BM","019rLu","Yee1oYM,Lf.yjgXKRl.oLp","HOIe'3LKgwc,1v"
984,"kgkIKHrY",".qJTByX2","HFmyLnJSRkw,rBx0XVdmi7P","kYKcSvEL22P.8F"
985,"auTi,w","qEXPnb.,C","-v@m2NeNOnXm-MsC4tdolgOj","UyHEA.u2RE,"
986,"WN'NS'2E","FwhA3cB","TZtMVi.VI3lAAFTjMVy","qe91jfv5ni4 Mb7I@oQsd8i"
987,"7dJQs0","5VcB1Si","Ahtm@GoE-U7G0d@lY'Cnwt","-fT-76dy0n7RKSa7tYDXM"
988,"07-Nua",".'TtQ",",,huE1f-qwiccE-TumCmm","TZuFi 02g Hnw'2's',9K,"
989," 7AjVZ","XP-uJ5","@C- XGX6,0BEQ@cjGEyhl","EGC159XB.YfICeUd@YT"
990,"qDVq4Ml","0BYdwQW8smV"," Ue3WsNC,b-KrxrcQcPTiY9Eiup6o","WAiApvu,hmizGfbQ"
991,"KNVe22v4","iD-TpS6sV","F7czELfZ3,p'KhW9EzC","hcemd5B9HF04wssXXmx1ys,ftr,PFK"
992,"emLp8eIx","CSMDgLWX","S5JroIfbtVAbgJ01gi3eBQKUUsUzM2","chAE42fB77x5nKsL5XYGqQzS"
993,"JmmNRH ","PDr4d","'AAtkXZdsZWmF,1BMtEtTmd","sGugX1,I0xau1WuU3iafvytqU"
994," IUmv","Bafozxf5","WpJH0eaCPWkJ-K3K2TmWBgWT","NdBoR5DzBeE-qdfLj"
995,"8-bCe","cL0V-a","g'n7yOIj9Q27SWwbSW,I2Fa","iL3NbsFkOz1IAyZvcS"
996,"jEqLP","1.r4elENK","Q8esOu@QlaOQaCual2Jr","S1AWuvWmA-'iThOkD8W3T55w"
997,"7kIB7A8l","qI C-pHxJ","5jPC.lcsX4BK1Tcx1a2t","d3halhTFsNW.7"
998,"FKK@","9OxhMP7oC","@xioUi-Zf8nRZY e0V1TUTe","Kjs5CFE0fqm4i"
999,"vid91@8G",",,ICUnRd.'HL","Nkn,y70Fw0i@1rePnaIR1an","872mZzfMR9FgWVx6.c"
1000,"7hC","rQ67pBX","2tdZIHfHR3XjExessro9.,","7TWxx0,gyV "
